-- MySQL dump 10.13  Distrib 5.7.21, for Linux (x86_64)
--
-- Host: localhost    Database: njustc
-- ------------------------------------------------------
-- Server version	5.7.21

/*!40101 SET @OLD_CHARACTER_SET_CLIENT=@@CHARACTER_SET_CLIENT */;
/*!40101 SET @OLD_CHARACTER_SET_RESULTS=@@CHARACTER_SET_RESULTS */;
/*!40101 SET @OLD_COLLATION_CONNECTION=@@COLLATION_CONNECTION */;
/*!40101 SET NAMES utf8 */;
/*!40103 SET @OLD_TIME_ZONE=@@TIME_ZONE */;
/*!40103 SET TIME_ZONE='+00:00' */;
/*!40014 SET @OLD_UNIQUE_CHECKS=@@UNIQUE_CHECKS, UNIQUE_CHECKS=0 */;
/*!40014 SET @OLD_FOREIGN_KEY_CHECKS=@@FOREIGN_KEY_CHECKS, FOREIGN_KEY_CHECKS=0 */;
/*!40101 SET @OLD_SQL_MODE=@@SQL_MODE, SQL_MODE='NO_AUTO_VALUE_ON_ZERO' */;
/*!40111 SET @OLD_SQL_NOTES=@@SQL_NOTES, SQL_NOTES=0 */;

--
-- Table structure for table `act_evt_log`
--

DROP TABLE IF EXISTS `act_evt_log`;
/*!40101 SET @saved_cs_client     = @@character_set_client */;
/*!40101 SET character_set_client = utf8 */;
CREATE TABLE `act_evt_log` (
  `LOG_NR_` bigint(20) NOT NULL AUTO_INCREMENT,
  `TYPE_` varchar(64) COLLATE utf8_bin DEFAULT NULL,
  `PROC_DEF_ID_` varchar(64) COLLATE utf8_bin DEFAULT NULL,
  `PROC_INST_ID_` varchar(64) COLLATE utf8_bin DEFAULT NULL,
  `EXECUTION_ID_` varchar(64) COLLATE utf8_bin DEFAULT NULL,
  `TASK_ID_` varchar(64) COLLATE utf8_bin DEFAULT NULL,
  `TIME_STAMP_` timestamp(3) NOT NULL DEFAULT CURRENT_TIMESTAMP(3) ON UPDATE CURRENT_TIMESTAMP(3),
  `USER_ID_` varchar(255) COLLATE utf8_bin DEFAULT NULL,
  `DATA_` longblob,
  `LOCK_OWNER_` varchar(255) COLLATE utf8_bin DEFAULT NULL,
  `LOCK_TIME_` timestamp(3) NULL DEFAULT NULL,
  `IS_PROCESSED_` tinyint(4) DEFAULT '0',
  PRIMARY KEY (`LOG_NR_`)
) ENGINE=InnoDB DEFAULT CHARSET=utf8 COLLATE=utf8_bin;
/*!40101 SET character_set_client = @saved_cs_client */;

--
-- Dumping data for table `act_evt_log`
--

LOCK TABLES `act_evt_log` WRITE;
/*!40000 ALTER TABLE `act_evt_log` DISABLE KEYS */;
/*!40000 ALTER TABLE `act_evt_log` ENABLE KEYS */;
UNLOCK TABLES;

--
-- Table structure for table `act_ge_bytearray`
--

DROP TABLE IF EXISTS `act_ge_bytearray`;
/*!40101 SET @saved_cs_client     = @@character_set_client */;
/*!40101 SET character_set_client = utf8 */;
CREATE TABLE `act_ge_bytearray` (
  `ID_` varchar(64) COLLATE utf8_bin NOT NULL,
  `REV_` int(11) DEFAULT NULL,
  `NAME_` varchar(255) COLLATE utf8_bin DEFAULT NULL,
  `DEPLOYMENT_ID_` varchar(64) COLLATE utf8_bin DEFAULT NULL,
  `BYTES_` longblob,
  `GENERATED_` tinyint(4) DEFAULT NULL,
  PRIMARY KEY (`ID_`),
  KEY `ACT_FK_BYTEARR_DEPL` (`DEPLOYMENT_ID_`),
  CONSTRAINT `ACT_FK_BYTEARR_DEPL` FOREIGN KEY (`DEPLOYMENT_ID_`) REFERENCES `act_re_deployment` (`ID_`)
) ENGINE=InnoDB DEFAULT CHARSET=utf8 COLLATE=utf8_bin;
/*!40101 SET character_set_client = @saved_cs_client */;

--
-- Dumping data for table `act_ge_bytearray`
--

LOCK TABLES `act_ge_bytearray` WRITE;
/*!40000 ALTER TABLE `act_ge_bytearray` DISABLE KEYS */;
/*!40000 ALTER TABLE `act_ge_bytearray` ENABLE KEYS */;
UNLOCK TABLES;

--
-- Table structure for table `act_ge_property`
--

DROP TABLE IF EXISTS `act_ge_property`;
/*!40101 SET @saved_cs_client     = @@character_set_client */;
/*!40101 SET character_set_client = utf8 */;
CREATE TABLE `act_ge_property` (
  `NAME_` varchar(64) COLLATE utf8_bin NOT NULL,
  `VALUE_` varchar(300) COLLATE utf8_bin DEFAULT NULL,
  `REV_` int(11) DEFAULT NULL,
  PRIMARY KEY (`NAME_`)
) ENGINE=InnoDB DEFAULT CHARSET=utf8 COLLATE=utf8_bin;
/*!40101 SET character_set_client = @saved_cs_client */;

--
-- Dumping data for table `act_ge_property`
--

LOCK TABLES `act_ge_property` WRITE;
/*!40000 ALTER TABLE `act_ge_property` DISABLE KEYS */;
INSERT INTO `act_ge_property` VALUES ('cfg.execution-related-entities-count','false',1),('next.dbid','70001',29),('schema.history','create(6.0.0.4)',1),('schema.version','6.0.0.4',1);
/*!40000 ALTER TABLE `act_ge_property` ENABLE KEYS */;
UNLOCK TABLES;

--
-- Table structure for table `act_hi_actinst`
--

DROP TABLE IF EXISTS `act_hi_actinst`;
/*!40101 SET @saved_cs_client     = @@character_set_client */;
/*!40101 SET character_set_client = utf8 */;
CREATE TABLE `act_hi_actinst` (
  `ID_` varchar(64) COLLATE utf8_bin NOT NULL,
  `PROC_DEF_ID_` varchar(64) COLLATE utf8_bin NOT NULL,
  `PROC_INST_ID_` varchar(64) COLLATE utf8_bin NOT NULL,
  `EXECUTION_ID_` varchar(64) COLLATE utf8_bin NOT NULL,
  `ACT_ID_` varchar(255) COLLATE utf8_bin NOT NULL,
  `TASK_ID_` varchar(64) COLLATE utf8_bin DEFAULT NULL,
  `CALL_PROC_INST_ID_` varchar(64) COLLATE utf8_bin DEFAULT NULL,
  `ACT_NAME_` varchar(255) COLLATE utf8_bin DEFAULT NULL,
  `ACT_TYPE_` varchar(255) COLLATE utf8_bin NOT NULL,
  `ASSIGNEE_` varchar(255) COLLATE utf8_bin DEFAULT NULL,
  `START_TIME_` datetime(3) NOT NULL,
  `END_TIME_` datetime(3) DEFAULT NULL,
  `DURATION_` bigint(20) DEFAULT NULL,
  `DELETE_REASON_` varchar(4000) COLLATE utf8_bin DEFAULT NULL,
  `TENANT_ID_` varchar(255) COLLATE utf8_bin DEFAULT '',
  PRIMARY KEY (`ID_`),
  KEY `ACT_IDX_HI_ACT_INST_START` (`START_TIME_`),
  KEY `ACT_IDX_HI_ACT_INST_END` (`END_TIME_`),
  KEY `ACT_IDX_HI_ACT_INST_PROCINST` (`PROC_INST_ID_`,`ACT_ID_`),
  KEY `ACT_IDX_HI_ACT_INST_EXEC` (`EXECUTION_ID_`,`ACT_ID_`)
) ENGINE=InnoDB DEFAULT CHARSET=utf8 COLLATE=utf8_bin;
/*!40101 SET character_set_client = @saved_cs_client */;

--
-- Dumping data for table `act_hi_actinst`
--

LOCK TABLES `act_hi_actinst` WRITE;
/*!40000 ALTER TABLE `act_hi_actinst` DISABLE KEYS */;
INSERT INTO `act_hi_actinst` VALUES ('10006','Entrust:4:7508','10001','10005','start',NULL,NULL,'开始','startEvent',NULL,'2019-06-03 10:57:11.575','2019-06-03 10:57:11.585',10,NULL,''),('10007','Entrust:4:7508','10001','10005','submitEntrust','10008',NULL,'ToSubmit','userTask','201906031001','2019-06-03 10:57:11.595',NULL,NULL,NULL,''),('12506','Entrust:4:7508','12501','12505','start',NULL,NULL,'开始','startEvent',NULL,'2019-06-03 10:58:39.272','2019-06-03 10:58:39.276',4,NULL,''),('12507','Entrust:4:7508','12501','12505','submitEntrust','12508',NULL,'ToSubmit','userTask','201906031001','2019-06-03 10:58:39.279',NULL,NULL,NULL,''),('17506','Entrust:5:15006','17501','17505','start',NULL,NULL,'开始','startEvent',NULL,'2019-06-04 11:50:15.331','2019-06-04 11:50:15.333',2,NULL,''),('17507','Entrust:5:15006','17501','17505','submitEntrust','17508',NULL,'ToSubmit','userTask','u20190604195010','2019-06-04 11:50:15.335',NULL,NULL,NULL,''),('17515','Entrust:5:15006','17510','17514','start',NULL,NULL,'开始','startEvent',NULL,'2019-06-04 11:50:16.843','2019-06-04 11:50:16.844',1,NULL,''),('17516','Entrust:5:15006','17510','17514','submitEntrust','17517',NULL,'ToSubmit','userTask','u20190604195010','2019-06-04 11:50:16.844',NULL,NULL,NULL,''),('17524','Entrust:5:15006','17519','17523','start',NULL,NULL,'开始','startEvent',NULL,'2019-06-04 11:50:18.257','2019-06-04 11:50:18.257',0,NULL,''),('17525','Entrust:5:15006','17519','17523','submitEntrust','17526',NULL,'ToSubmit','userTask','u20190604195011','2019-06-04 11:50:18.258',NULL,NULL,NULL,''),('17533','Entrust:5:15006','17528','17532','start',NULL,NULL,'开始','startEvent',NULL,'2019-06-04 11:50:19.365','2019-06-04 11:50:19.366',1,NULL,''),('17534','Entrust:5:15006','17528','17532','submitEntrust','17535',NULL,'ToSubmit','userTask','u20190604195013','2019-06-04 11:50:19.366',NULL,NULL,NULL,''),('17542','Entrust:5:15006','17537','17541','start',NULL,NULL,'开始','startEvent',NULL,'2019-06-04 11:50:21.269','2019-06-04 11:50:21.269',0,NULL,''),('17543','Entrust:5:15006','17537','17541','submitEntrust','17544',NULL,'ToSubmit','userTask','u20190604195014','2019-06-04 11:50:21.269',NULL,NULL,NULL,''),('17551','Entrust:5:15006','17546','17550','start',NULL,NULL,'开始','startEvent',NULL,'2019-06-04 11:50:22.656','2019-06-04 11:50:22.656',0,NULL,''),('17552','Entrust:5:15006','17546','17550','submitEntrust','17553',NULL,'ToSubmit','userTask','u20190604195014','2019-06-04 11:50:22.656',NULL,NULL,NULL,''),('25006','Entrust:7:22506','25001','25005','start',NULL,NULL,'开始','startEvent',NULL,'2019-06-05 07:29:40.828','2019-06-05 07:29:40.830',2,NULL,''),('25007','Entrust:7:22506','25001','25005','submitEntrust','25008',NULL,'ToSubmit','userTask','u20190605134344','2019-06-05 07:29:40.831',NULL,NULL,NULL,''),('25015','Entrust:7:22506','25010','25014','start',NULL,NULL,'开始','startEvent',NULL,'2019-06-05 07:29:42.141','2019-06-05 07:29:42.141',0,NULL,''),('25016','Entrust:7:22506','25010','25014','submitEntrust','25017',NULL,'ToSubmit','userTask','u20190605134344','2019-06-05 07:29:42.141',NULL,NULL,NULL,''),('25024','Entrust:7:22506','25019','25023','start',NULL,NULL,'开始','startEvent',NULL,'2019-06-05 07:29:43.450','2019-06-05 07:29:43.451',1,NULL,''),('25025','Entrust:7:22506','25019','25023','submitEntrust','25026',NULL,'ToSubmit','userTask','u20190605134344','2019-06-05 07:29:43.451',NULL,NULL,NULL,''),('25033','Entrust:7:22506','25028','25032','start',NULL,NULL,'开始','startEvent',NULL,'2019-06-05 07:29:44.651','2019-06-05 07:29:44.651',0,NULL,''),('25034','Entrust:7:22506','25028','25032','submitEntrust','25035',NULL,'ToSubmit','userTask','u20190605134754','2019-06-05 07:29:44.651',NULL,NULL,NULL,''),('25042','Entrust:7:22506','25037','25041','start',NULL,NULL,'开始','startEvent',NULL,'2019-06-05 07:29:45.838','2019-06-05 07:29:45.839',1,NULL,''),('25043','Entrust:7:22506','25037','25041','submitEntrust','25044',NULL,'ToSubmit','userTask','u20190605134759','2019-06-05 07:29:45.839',NULL,NULL,NULL,''),('25051','Entrust:7:22506','25046','25050','start',NULL,NULL,'开始','startEvent',NULL,'2019-06-05 07:29:47.369','2019-06-05 07:29:47.369',0,NULL,''),('25052','Entrust:7:22506','25046','25050','submitEntrust','25053',NULL,'ToSubmit','userTask','u20190605134759','2019-06-05 07:29:47.369',NULL,NULL,NULL,''),('27506','Entrust:7:22506','27501','27505','start',NULL,NULL,'开始','startEvent',NULL,'2019-06-05 07:50:33.057','2019-06-05 07:50:33.058',1,NULL,''),('27507','Entrust:7:22506','27501','27505','submitEntrust','27508',NULL,'ToSubmit','userTask','u20190605134344','2019-06-05 07:50:33.060',NULL,NULL,NULL,''),('27515','Entrust:7:22506','27510','27514','start',NULL,NULL,'开始','startEvent',NULL,'2019-06-05 07:50:34.347','2019-06-05 07:50:34.347',0,NULL,''),('27516','Entrust:7:22506','27510','27514','submitEntrust','27517',NULL,'ToSubmit','userTask','u20190605134344','2019-06-05 07:50:34.347',NULL,NULL,NULL,''),('27524','Entrust:7:22506','27519','27523','start',NULL,NULL,'开始','startEvent',NULL,'2019-06-05 07:50:35.673','2019-06-05 07:50:35.674',1,NULL,''),('27525','Entrust:7:22506','27519','27523','submitEntrust','27526',NULL,'ToSubmit','userTask','u20190605134344','2019-06-05 07:50:35.674',NULL,NULL,NULL,''),('27533','Entrust:7:22506','27528','27532','start',NULL,NULL,'开始','startEvent',NULL,'2019-06-05 07:50:36.859','2019-06-05 07:50:36.859',0,NULL,''),('27534','Entrust:7:22506','27528','27532','submitEntrust','27535',NULL,'ToSubmit','userTask','u20190605134754','2019-06-05 07:50:36.859',NULL,NULL,NULL,''),('27542','Entrust:7:22506','27537','27541','start',NULL,NULL,'开始','startEvent',NULL,'2019-06-05 07:50:38.811','2019-06-05 07:50:38.811',0,NULL,''),('27543','Entrust:7:22506','27537','27541','submitEntrust','27544',NULL,'ToSubmit','userTask','u20190605134759','2019-06-05 07:50:38.812',NULL,NULL,NULL,''),('27551','Entrust:7:22506','27546','27550','start',NULL,NULL,'开始','startEvent',NULL,'2019-06-05 07:50:40.003','2019-06-05 07:50:40.003',0,NULL,''),('27552','Entrust:7:22506','27546','27550','submitEntrust','27553',NULL,'ToSubmit','userTask','u20190605134754','2019-06-05 07:50:40.003',NULL,NULL,NULL,''),('30006','Entrust:7:22506','30001','30005','start',NULL,NULL,'开始','startEvent',NULL,'2019-06-05 07:56:51.901','2019-06-05 07:56:51.903',2,NULL,''),('30007','Entrust:7:22506','30001','30005','submitEntrust','30008',NULL,'ToSubmit','userTask','u20190605134344','2019-06-05 07:56:51.904',NULL,NULL,NULL,''),('30015','Entrust:7:22506','30010','30014','start',NULL,NULL,'开始','startEvent',NULL,'2019-06-05 07:56:53.445','2019-06-05 07:56:53.445',0,NULL,''),('30016','Entrust:7:22506','30010','30014','submitEntrust','30017',NULL,'ToSubmit','userTask','u20190605134344','2019-06-05 07:56:53.445',NULL,NULL,NULL,''),('30024','Entrust:7:22506','30019','30023','start',NULL,NULL,'开始','startEvent',NULL,'2019-06-05 07:56:54.804','2019-06-05 07:56:54.804',0,NULL,''),('30025','Entrust:7:22506','30019','30023','submitEntrust','30026',NULL,'ToSubmit','userTask','u20190605134344','2019-06-05 07:56:54.804',NULL,NULL,NULL,''),('30033','Entrust:7:22506','30028','30032','start',NULL,NULL,'开始','startEvent',NULL,'2019-06-05 07:56:56.003','2019-06-05 07:56:56.003',0,NULL,''),('30034','Entrust:7:22506','30028','30032','submitEntrust','30035',NULL,'ToSubmit','userTask','u20190605134754','2019-06-05 07:56:56.003',NULL,NULL,NULL,''),('30042','Entrust:7:22506','30037','30041','start',NULL,NULL,'开始','startEvent',NULL,'2019-06-05 07:56:57.731','2019-06-05 07:56:57.731',0,NULL,''),('30043','Entrust:7:22506','30037','30041','submitEntrust','30044',NULL,'ToSubmit','userTask','u20190605134759','2019-06-05 07:56:57.732',NULL,NULL,NULL,''),('30051','Entrust:7:22506','30046','30050','start',NULL,NULL,'开始','startEvent',NULL,'2019-06-05 07:56:58.915','2019-06-05 07:56:58.915',0,NULL,''),('30052','Entrust:7:22506','30046','30050','submitEntrust','30053',NULL,'ToSubmit','userTask','u20190605134754','2019-06-05 07:56:58.916',NULL,NULL,NULL,'');
/*!40000 ALTER TABLE `act_hi_actinst` ENABLE KEYS */;
UNLOCK TABLES;

--
-- Table structure for table `act_hi_attachment`
--

DROP TABLE IF EXISTS `act_hi_attachment`;
/*!40101 SET @saved_cs_client     = @@character_set_client */;
/*!40101 SET character_set_client = utf8 */;
CREATE TABLE `act_hi_attachment` (
  `ID_` varchar(64) COLLATE utf8_bin NOT NULL,
  `REV_` int(11) DEFAULT NULL,
  `USER_ID_` varchar(255) COLLATE utf8_bin DEFAULT NULL,
  `NAME_` varchar(255) COLLATE utf8_bin DEFAULT NULL,
  `DESCRIPTION_` varchar(4000) COLLATE utf8_bin DEFAULT NULL,
  `TYPE_` varchar(255) COLLATE utf8_bin DEFAULT NULL,
  `TASK_ID_` varchar(64) COLLATE utf8_bin DEFAULT NULL,
  `PROC_INST_ID_` varchar(64) COLLATE utf8_bin DEFAULT NULL,
  `URL_` varchar(4000) COLLATE utf8_bin DEFAULT NULL,
  `CONTENT_ID_` varchar(64) COLLATE utf8_bin DEFAULT NULL,
  `TIME_` datetime(3) DEFAULT NULL,
  PRIMARY KEY (`ID_`)
) ENGINE=InnoDB DEFAULT CHARSET=utf8 COLLATE=utf8_bin;
/*!40101 SET character_set_client = @saved_cs_client */;

--
-- Dumping data for table `act_hi_attachment`
--

LOCK TABLES `act_hi_attachment` WRITE;
/*!40000 ALTER TABLE `act_hi_attachment` DISABLE KEYS */;
/*!40000 ALTER TABLE `act_hi_attachment` ENABLE KEYS */;
UNLOCK TABLES;

--
-- Table structure for table `act_hi_comment`
--

DROP TABLE IF EXISTS `act_hi_comment`;
/*!40101 SET @saved_cs_client     = @@character_set_client */;
/*!40101 SET character_set_client = utf8 */;
CREATE TABLE `act_hi_comment` (
  `ID_` varchar(64) COLLATE utf8_bin NOT NULL,
  `TYPE_` varchar(255) COLLATE utf8_bin DEFAULT NULL,
  `TIME_` datetime(3) NOT NULL,
  `USER_ID_` varchar(255) COLLATE utf8_bin DEFAULT NULL,
  `TASK_ID_` varchar(64) COLLATE utf8_bin DEFAULT NULL,
  `PROC_INST_ID_` varchar(64) COLLATE utf8_bin DEFAULT NULL,
  `ACTION_` varchar(255) COLLATE utf8_bin DEFAULT NULL,
  `MESSAGE_` varchar(4000) COLLATE utf8_bin DEFAULT NULL,
  `FULL_MSG_` longblob,
  PRIMARY KEY (`ID_`)
) ENGINE=InnoDB DEFAULT CHARSET=utf8 COLLATE=utf8_bin;
/*!40101 SET character_set_client = @saved_cs_client */;

--
-- Dumping data for table `act_hi_comment`
--

LOCK TABLES `act_hi_comment` WRITE;
/*!40000 ALTER TABLE `act_hi_comment` DISABLE KEYS */;
/*!40000 ALTER TABLE `act_hi_comment` ENABLE KEYS */;
UNLOCK TABLES;

--
-- Table structure for table `act_hi_detail`
--

DROP TABLE IF EXISTS `act_hi_detail`;
/*!40101 SET @saved_cs_client     = @@character_set_client */;
/*!40101 SET character_set_client = utf8 */;
CREATE TABLE `act_hi_detail` (
  `ID_` varchar(64) COLLATE utf8_bin NOT NULL,
  `TYPE_` varchar(255) COLLATE utf8_bin NOT NULL,
  `PROC_INST_ID_` varchar(64) COLLATE utf8_bin DEFAULT NULL,
  `EXECUTION_ID_` varchar(64) COLLATE utf8_bin DEFAULT NULL,
  `TASK_ID_` varchar(64) COLLATE utf8_bin DEFAULT NULL,
  `ACT_INST_ID_` varchar(64) COLLATE utf8_bin DEFAULT NULL,
  `NAME_` varchar(255) COLLATE utf8_bin NOT NULL,
  `VAR_TYPE_` varchar(255) COLLATE utf8_bin DEFAULT NULL,
  `REV_` int(11) DEFAULT NULL,
  `TIME_` datetime(3) NOT NULL,
  `BYTEARRAY_ID_` varchar(64) COLLATE utf8_bin DEFAULT NULL,
  `DOUBLE_` double DEFAULT NULL,
  `LONG_` bigint(20) DEFAULT NULL,
  `TEXT_` varchar(4000) COLLATE utf8_bin DEFAULT NULL,
  `TEXT2_` varchar(4000) COLLATE utf8_bin DEFAULT NULL,
  PRIMARY KEY (`ID_`),
  KEY `ACT_IDX_HI_DETAIL_PROC_INST` (`PROC_INST_ID_`),
  KEY `ACT_IDX_HI_DETAIL_ACT_INST` (`ACT_INST_ID_`),
  KEY `ACT_IDX_HI_DETAIL_TIME` (`TIME_`),
  KEY `ACT_IDX_HI_DETAIL_NAME` (`NAME_`),
  KEY `ACT_IDX_HI_DETAIL_TASK_ID` (`TASK_ID_`)
) ENGINE=InnoDB DEFAULT CHARSET=utf8 COLLATE=utf8_bin;
/*!40101 SET character_set_client = @saved_cs_client */;

--
-- Dumping data for table `act_hi_detail`
--

LOCK TABLES `act_hi_detail` WRITE;
/*!40000 ALTER TABLE `act_hi_detail` DISABLE KEYS */;
/*!40000 ALTER TABLE `act_hi_detail` ENABLE KEYS */;
UNLOCK TABLES;

--
-- Table structure for table `act_hi_identitylink`
--

DROP TABLE IF EXISTS `act_hi_identitylink`;
/*!40101 SET @saved_cs_client     = @@character_set_client */;
/*!40101 SET character_set_client = utf8 */;
CREATE TABLE `act_hi_identitylink` (
  `ID_` varchar(64) COLLATE utf8_bin NOT NULL,
  `GROUP_ID_` varchar(255) COLLATE utf8_bin DEFAULT NULL,
  `TYPE_` varchar(255) COLLATE utf8_bin DEFAULT NULL,
  `USER_ID_` varchar(255) COLLATE utf8_bin DEFAULT NULL,
  `TASK_ID_` varchar(64) COLLATE utf8_bin DEFAULT NULL,
  `PROC_INST_ID_` varchar(64) COLLATE utf8_bin DEFAULT NULL,
  PRIMARY KEY (`ID_`),
  KEY `ACT_IDX_HI_IDENT_LNK_USER` (`USER_ID_`),
  KEY `ACT_IDX_HI_IDENT_LNK_TASK` (`TASK_ID_`),
  KEY `ACT_IDX_HI_IDENT_LNK_PROCINST` (`PROC_INST_ID_`)
) ENGINE=InnoDB DEFAULT CHARSET=utf8 COLLATE=utf8_bin;
/*!40101 SET character_set_client = @saved_cs_client */;

--
-- Dumping data for table `act_hi_identitylink`
--

LOCK TABLES `act_hi_identitylink` WRITE;
/*!40000 ALTER TABLE `act_hi_identitylink` DISABLE KEYS */;
INSERT INTO `act_hi_identitylink` VALUES ('10009',NULL,'participant','201906031001',NULL,'10001'),('12509',NULL,'participant','201906031001',NULL,'12501'),('17509',NULL,'participant','u20190604195010',NULL,'17501'),('17518',NULL,'participant','u20190604195010',NULL,'17510'),('17527',NULL,'participant','u20190604195011',NULL,'17519'),('17536',NULL,'participant','u20190604195013',NULL,'17528'),('17545',NULL,'participant','u20190604195014',NULL,'17537'),('17554',NULL,'participant','u20190604195014',NULL,'17546'),('25009',NULL,'participant','u20190605134344',NULL,'25001'),('25018',NULL,'participant','u20190605134344',NULL,'25010'),('25027',NULL,'participant','u20190605134344',NULL,'25019'),('25036',NULL,'participant','u20190605134754',NULL,'25028'),('25045',NULL,'participant','u20190605134759',NULL,'25037'),('25054',NULL,'participant','u20190605134759',NULL,'25046'),('27509',NULL,'participant','u20190605134344',NULL,'27501'),('27518',NULL,'participant','u20190605134344',NULL,'27510'),('27527',NULL,'participant','u20190605134344',NULL,'27519'),('27536',NULL,'participant','u20190605134754',NULL,'27528'),('27545',NULL,'participant','u20190605134759',NULL,'27537'),('27554',NULL,'participant','u20190605134754',NULL,'27546'),('30009',NULL,'participant','u20190605134344',NULL,'30001'),('30018',NULL,'participant','u20190605134344',NULL,'30010'),('30027',NULL,'participant','u20190605134344',NULL,'30019'),('30036',NULL,'participant','u20190605134754',NULL,'30028'),('30045',NULL,'participant','u20190605134759',NULL,'30037'),('30054',NULL,'participant','u20190605134754',NULL,'30046');
/*!40000 ALTER TABLE `act_hi_identitylink` ENABLE KEYS */;
UNLOCK TABLES;

--
-- Table structure for table `act_hi_procinst`
--

DROP TABLE IF EXISTS `act_hi_procinst`;
/*!40101 SET @saved_cs_client     = @@character_set_client */;
/*!40101 SET character_set_client = utf8 */;
CREATE TABLE `act_hi_procinst` (
  `ID_` varchar(64) COLLATE utf8_bin NOT NULL,
  `PROC_INST_ID_` varchar(64) COLLATE utf8_bin NOT NULL,
  `BUSINESS_KEY_` varchar(255) COLLATE utf8_bin DEFAULT NULL,
  `PROC_DEF_ID_` varchar(64) COLLATE utf8_bin NOT NULL,
  `START_TIME_` datetime(3) NOT NULL,
  `END_TIME_` datetime(3) DEFAULT NULL,
  `DURATION_` bigint(20) DEFAULT NULL,
  `START_USER_ID_` varchar(255) COLLATE utf8_bin DEFAULT NULL,
  `START_ACT_ID_` varchar(255) COLLATE utf8_bin DEFAULT NULL,
  `END_ACT_ID_` varchar(255) COLLATE utf8_bin DEFAULT NULL,
  `SUPER_PROCESS_INSTANCE_ID_` varchar(64) COLLATE utf8_bin DEFAULT NULL,
  `DELETE_REASON_` varchar(4000) COLLATE utf8_bin DEFAULT NULL,
  `TENANT_ID_` varchar(255) COLLATE utf8_bin DEFAULT '',
  `NAME_` varchar(255) COLLATE utf8_bin DEFAULT NULL,
  PRIMARY KEY (`ID_`),
  UNIQUE KEY `PROC_INST_ID_` (`PROC_INST_ID_`),
  KEY `ACT_IDX_HI_PRO_INST_END` (`END_TIME_`),
  KEY `ACT_IDX_HI_PRO_I_BUSKEY` (`BUSINESS_KEY_`)
) ENGINE=InnoDB DEFAULT CHARSET=utf8 COLLATE=utf8_bin;
/*!40101 SET character_set_client = @saved_cs_client */;

--
-- Dumping data for table `act_hi_procinst`
--

LOCK TABLES `act_hi_procinst` WRITE;
/*!40000 ALTER TABLE `act_hi_procinst` DISABLE KEYS */;
/*!40000 ALTER TABLE `act_hi_procinst` ENABLE KEYS */;
UNLOCK TABLES;

--
-- Table structure for table `act_hi_taskinst`
--

DROP TABLE IF EXISTS `act_hi_taskinst`;
/*!40101 SET @saved_cs_client     = @@character_set_client */;
/*!40101 SET character_set_client = utf8 */;
CREATE TABLE `act_hi_taskinst` (
  `ID_` varchar(64) COLLATE utf8_bin NOT NULL,
  `PROC_DEF_ID_` varchar(64) COLLATE utf8_bin DEFAULT NULL,
  `TASK_DEF_KEY_` varchar(255) COLLATE utf8_bin DEFAULT NULL,
  `PROC_INST_ID_` varchar(64) COLLATE utf8_bin DEFAULT NULL,
  `EXECUTION_ID_` varchar(64) COLLATE utf8_bin DEFAULT NULL,
  `NAME_` varchar(255) COLLATE utf8_bin DEFAULT NULL,
  `PARENT_TASK_ID_` varchar(64) COLLATE utf8_bin DEFAULT NULL,
  `DESCRIPTION_` varchar(4000) COLLATE utf8_bin DEFAULT NULL,
  `OWNER_` varchar(255) COLLATE utf8_bin DEFAULT NULL,
  `ASSIGNEE_` varchar(255) COLLATE utf8_bin DEFAULT NULL,
  `START_TIME_` datetime(3) NOT NULL,
  `CLAIM_TIME_` datetime(3) DEFAULT NULL,
  `END_TIME_` datetime(3) DEFAULT NULL,
  `DURATION_` bigint(20) DEFAULT NULL,
  `DELETE_REASON_` varchar(4000) COLLATE utf8_bin DEFAULT NULL,
  `PRIORITY_` int(11) DEFAULT NULL,
  `DUE_DATE_` datetime(3) DEFAULT NULL,
  `FORM_KEY_` varchar(255) COLLATE utf8_bin DEFAULT NULL,
  `CATEGORY_` varchar(255) COLLATE utf8_bin DEFAULT NULL,
  `TENANT_ID_` varchar(255) COLLATE utf8_bin DEFAULT '',
  PRIMARY KEY (`ID_`),
  KEY `ACT_IDX_HI_TASK_INST_PROCINST` (`PROC_INST_ID_`)
) ENGINE=InnoDB DEFAULT CHARSET=utf8 COLLATE=utf8_bin;
/*!40101 SET character_set_client = @saved_cs_client */;

--
-- Dumping data for table `act_hi_taskinst`
--

LOCK TABLES `act_hi_taskinst` WRITE;
/*!40000 ALTER TABLE `act_hi_taskinst` DISABLE KEYS */;
/*!40000 ALTER TABLE `act_hi_taskinst` ENABLE KEYS */;
UNLOCK TABLES;

--
-- Table structure for table `act_hi_varinst`
--

DROP TABLE IF EXISTS `act_hi_varinst`;
/*!40101 SET @saved_cs_client     = @@character_set_client */;
/*!40101 SET character_set_client = utf8 */;
CREATE TABLE `act_hi_varinst` (
  `ID_` varchar(64) COLLATE utf8_bin NOT NULL,
  `PROC_INST_ID_` varchar(64) COLLATE utf8_bin DEFAULT NULL,
  `EXECUTION_ID_` varchar(64) COLLATE utf8_bin DEFAULT NULL,
  `TASK_ID_` varchar(64) COLLATE utf8_bin DEFAULT NULL,
  `NAME_` varchar(255) COLLATE utf8_bin NOT NULL,
  `VAR_TYPE_` varchar(100) COLLATE utf8_bin DEFAULT NULL,
  `REV_` int(11) DEFAULT NULL,
  `BYTEARRAY_ID_` varchar(64) COLLATE utf8_bin DEFAULT NULL,
  `DOUBLE_` double DEFAULT NULL,
  `LONG_` bigint(20) DEFAULT NULL,
  `TEXT_` varchar(4000) COLLATE utf8_bin DEFAULT NULL,
  `TEXT2_` varchar(4000) COLLATE utf8_bin DEFAULT NULL,
  `CREATE_TIME_` datetime(3) DEFAULT NULL,
  `LAST_UPDATED_TIME_` datetime(3) DEFAULT NULL,
  PRIMARY KEY (`ID_`),
  KEY `ACT_IDX_HI_PROCVAR_PROC_INST` (`PROC_INST_ID_`),
  KEY `ACT_IDX_HI_PROCVAR_NAME_TYPE` (`NAME_`,`VAR_TYPE_`),
  KEY `ACT_IDX_HI_PROCVAR_TASK_ID` (`TASK_ID_`)
) ENGINE=InnoDB DEFAULT CHARSET=utf8 COLLATE=utf8_bin;
/*!40101 SET character_set_client = @saved_cs_client */;

--
-- Dumping data for table `act_hi_varinst`
--

LOCK TABLES `act_hi_varinst` WRITE;
/*!40000 ALTER TABLE `act_hi_varinst` DISABLE KEYS */;
/*!40000 ALTER TABLE `act_hi_varinst` ENABLE KEYS */;
UNLOCK TABLES;

--
-- Table structure for table `act_id_group`
--

DROP TABLE IF EXISTS `act_id_group`;
/*!40101 SET @saved_cs_client     = @@character_set_client */;
/*!40101 SET character_set_client = utf8 */;
CREATE TABLE `act_id_group` (
  `ID_` varchar(64) COLLATE utf8_bin NOT NULL,
  `REV_` int(11) DEFAULT NULL,
  `NAME_` varchar(255) COLLATE utf8_bin DEFAULT NULL,
  `TYPE_` varchar(255) COLLATE utf8_bin DEFAULT NULL,
  PRIMARY KEY (`ID_`)
) ENGINE=InnoDB DEFAULT CHARSET=utf8 COLLATE=utf8_bin;
/*!40101 SET character_set_client = @saved_cs_client */;

--
-- Dumping data for table `act_id_group`
--

LOCK TABLES `act_id_group` WRITE;
/*!40000 ALTER TABLE `act_id_group` DISABLE KEYS */;
INSERT INTO `act_id_group` VALUES ('Customers',1,'客户组',NULL),('Staff',1,'工作人员组',NULL);
/*!40000 ALTER TABLE `act_id_group` ENABLE KEYS */;
UNLOCK TABLES;

--
-- Table structure for table `act_id_info`
--

DROP TABLE IF EXISTS `act_id_info`;
/*!40101 SET @saved_cs_client     = @@character_set_client */;
/*!40101 SET character_set_client = utf8 */;
CREATE TABLE `act_id_info` (
  `ID_` varchar(64) COLLATE utf8_bin NOT NULL,
  `REV_` int(11) DEFAULT NULL,
  `USER_ID_` varchar(64) COLLATE utf8_bin DEFAULT NULL,
  `TYPE_` varchar(64) COLLATE utf8_bin DEFAULT NULL,
  `KEY_` varchar(255) COLLATE utf8_bin DEFAULT NULL,
  `VALUE_` varchar(255) COLLATE utf8_bin DEFAULT NULL,
  `PASSWORD_` longblob,
  `PARENT_ID_` varchar(255) COLLATE utf8_bin DEFAULT NULL,
  PRIMARY KEY (`ID_`)
) ENGINE=InnoDB DEFAULT CHARSET=utf8 COLLATE=utf8_bin;
/*!40101 SET character_set_client = @saved_cs_client */;

--
-- Dumping data for table `act_id_info`
--

LOCK TABLES `act_id_info` WRITE;
/*!40000 ALTER TABLE `act_id_info` DISABLE KEYS */;
/*!40000 ALTER TABLE `act_id_info` ENABLE KEYS */;
UNLOCK TABLES;

--
-- Table structure for table `act_id_membership`
--

DROP TABLE IF EXISTS `act_id_membership`;
/*!40101 SET @saved_cs_client     = @@character_set_client */;
/*!40101 SET character_set_client = utf8 */;
CREATE TABLE `act_id_membership` (
  `USER_ID_` varchar(64) COLLATE utf8_bin NOT NULL,
  `GROUP_ID_` varchar(64) COLLATE utf8_bin NOT NULL,
  PRIMARY KEY (`USER_ID_`,`GROUP_ID_`),
  KEY `ACT_FK_MEMB_GROUP` (`GROUP_ID_`),
  CONSTRAINT `ACT_FK_MEMB_GROUP` FOREIGN KEY (`GROUP_ID_`) REFERENCES `act_id_group` (`ID_`),
  CONSTRAINT `ACT_FK_MEMB_USER` FOREIGN KEY (`USER_ID_`) REFERENCES `act_id_user` (`ID_`)
) ENGINE=InnoDB DEFAULT CHARSET=utf8 COLLATE=utf8_bin;
/*!40101 SET character_set_client = @saved_cs_client */;

--
-- Dumping data for table `act_id_membership`
--

LOCK TABLES `act_id_membership` WRITE;
/*!40000 ALTER TABLE `act_id_membership` DISABLE KEYS */;
INSERT INTO `act_id_membership` VALUES ('C1','Customers'),('C2','Customers'),('C3','Customers'),('S4','Staff'),('S5','Staff');
/*!40000 ALTER TABLE `act_id_membership` ENABLE KEYS */;
UNLOCK TABLES;

--
-- Table structure for table `act_id_user`
--

DROP TABLE IF EXISTS `act_id_user`;
/*!40101 SET @saved_cs_client     = @@character_set_client */;
/*!40101 SET character_set_client = utf8 */;
CREATE TABLE `act_id_user` (
  `ID_` varchar(64) COLLATE utf8_bin NOT NULL,
  `REV_` int(11) DEFAULT NULL,
  `FIRST_` varchar(255) COLLATE utf8_bin DEFAULT NULL,
  `LAST_` varchar(255) COLLATE utf8_bin DEFAULT NULL,
  `EMAIL_` varchar(255) COLLATE utf8_bin DEFAULT NULL,
  `PWD_` varchar(255) COLLATE utf8_bin DEFAULT NULL,
  `PICTURE_ID_` varchar(64) COLLATE utf8_bin DEFAULT NULL,
  PRIMARY KEY (`ID_`)
) ENGINE=InnoDB DEFAULT CHARSET=utf8 COLLATE=utf8_bin;
/*!40101 SET character_set_client = @saved_cs_client */;

--
-- Dumping data for table `act_id_user`
--

LOCK TABLES `act_id_user` WRITE;
/*!40000 ALTER TABLE `act_id_user` DISABLE KEYS */;
INSERT INTO `act_id_user` VALUES ('C1',1,NULL,NULL,NULL,NULL,NULL),('C2',1,NULL,NULL,NULL,NULL,NULL),('C3',1,NULL,NULL,NULL,NULL,NULL),('S4',1,NULL,NULL,NULL,NULL,NULL),('S5',1,NULL,NULL,NULL,NULL,NULL);
/*!40000 ALTER TABLE `act_id_user` ENABLE KEYS */;
UNLOCK TABLES;

--
-- Table structure for table `act_procdef_info`
--

DROP TABLE IF EXISTS `act_procdef_info`;
/*!40101 SET @saved_cs_client     = @@character_set_client */;
/*!40101 SET character_set_client = utf8 */;
CREATE TABLE `act_procdef_info` (
  `ID_` varchar(64) COLLATE utf8_bin NOT NULL,
  `PROC_DEF_ID_` varchar(64) COLLATE utf8_bin NOT NULL,
  `REV_` int(11) DEFAULT NULL,
  `INFO_JSON_ID_` varchar(64) COLLATE utf8_bin DEFAULT NULL,
  PRIMARY KEY (`ID_`),
  UNIQUE KEY `ACT_UNIQ_INFO_PROCDEF` (`PROC_DEF_ID_`),
  KEY `ACT_IDX_INFO_PROCDEF` (`PROC_DEF_ID_`),
  KEY `ACT_FK_INFO_JSON_BA` (`INFO_JSON_ID_`),
  CONSTRAINT `ACT_FK_INFO_JSON_BA` FOREIGN KEY (`INFO_JSON_ID_`) REFERENCES `act_ge_bytearray` (`ID_`),
  CONSTRAINT `ACT_FK_INFO_PROCDEF` FOREIGN KEY (`PROC_DEF_ID_`) REFERENCES `act_re_procdef` (`ID_`)
) ENGINE=InnoDB DEFAULT CHARSET=utf8 COLLATE=utf8_bin;
/*!40101 SET character_set_client = @saved_cs_client */;

--
-- Dumping data for table `act_procdef_info`
--

LOCK TABLES `act_procdef_info` WRITE;
/*!40000 ALTER TABLE `act_procdef_info` DISABLE KEYS */;
/*!40000 ALTER TABLE `act_procdef_info` ENABLE KEYS */;
UNLOCK TABLES;

--
-- Table structure for table `act_re_deployment`
--

DROP TABLE IF EXISTS `act_re_deployment`;
/*!40101 SET @saved_cs_client     = @@character_set_client */;
/*!40101 SET character_set_client = utf8 */;
CREATE TABLE `act_re_deployment` (
  `ID_` varchar(64) COLLATE utf8_bin NOT NULL,
  `NAME_` varchar(255) COLLATE utf8_bin DEFAULT NULL,
  `CATEGORY_` varchar(255) COLLATE utf8_bin DEFAULT NULL,
  `KEY_` varchar(255) COLLATE utf8_bin DEFAULT NULL,
  `TENANT_ID_` varchar(255) COLLATE utf8_bin DEFAULT '',
  `DEPLOY_TIME_` timestamp(3) NULL DEFAULT NULL,
  `ENGINE_VERSION_` varchar(255) COLLATE utf8_bin DEFAULT NULL,
  PRIMARY KEY (`ID_`)
) ENGINE=InnoDB DEFAULT CHARSET=utf8 COLLATE=utf8_bin;
/*!40101 SET character_set_client = @saved_cs_client */;

--
-- Dumping data for table `act_re_deployment`
--

LOCK TABLES `act_re_deployment` WRITE;
/*!40000 ALTER TABLE `act_re_deployment` DISABLE KEYS */;
INSERT INTO `act_re_deployment` VALUES ('1','SpringAutoDeployment',NULL,NULL,'','2019-05-30 13:08:27.016',NULL),('15001','SpringAutoDeployment',NULL,NULL,'','2019-06-04 11:49:32.248',NULL),('20001','SpringAutoDeployment',NULL,NULL,'','2019-06-05 05:41:31.246',NULL),('22501','SpringAutoDeployment',NULL,NULL,'','2019-06-05 07:24:19.689',NULL),('2501','SpringAutoDeployment',NULL,NULL,'','2019-06-02 08:52:12.220',NULL),('32501','SpringAutoDeployment',NULL,NULL,'','2019-06-06 09:13:05.403',NULL),('35001','SpringAutoDeployment',NULL,NULL,'','2019-06-11 10:27:19.951',NULL),('37501','EntrustProcess测试',NULL,NULL,'','2019-06-16 06:57:21.527',NULL),('42501','EntrustProcess测试',NULL,NULL,'','2019-06-16 07:02:58.463',NULL),('50001','SpringAutoDeployment',NULL,NULL,'','2019-06-16 07:31:13.625',NULL),('5001','EntrustProcess测试',NULL,NULL,'','2019-06-03 06:48:13.221',NULL),('52501','SpringAutoDeployment',NULL,NULL,'','2019-06-16 07:53:59.662',NULL),('55001','SpringAutoDeployment',NULL,NULL,'','2019-06-16 08:10:11.456',NULL),('57501','SpringAutoDeployment',NULL,NULL,'','2019-06-16 08:29:30.127',NULL),('60001','SpringAutoDeployment',NULL,NULL,'','2019-06-16 08:30:15.072',NULL),('62501','SpringAutoDeployment',NULL,NULL,'','2019-06-16 08:38:10.254',NULL),('65001','SpringAutoDeployment',NULL,NULL,'','2019-06-29 11:55:04.995',NULL),('67501','SpringAutoDeployment',NULL,NULL,'','2019-07-01 09:31:55.119',NULL),('7501','EntrustProcess测试',NULL,NULL,'','2019-06-03 06:53:22.625',NULL),('7505','EntrustProcess测试',NULL,NULL,'','2019-06-03 06:53:24.508',NULL);
/*!40000 ALTER TABLE `act_re_deployment` ENABLE KEYS */;
UNLOCK TABLES;

--
-- Table structure for table `act_re_model`
--

DROP TABLE IF EXISTS `act_re_model`;
/*!40101 SET @saved_cs_client     = @@character_set_client */;
/*!40101 SET character_set_client = utf8 */;
CREATE TABLE `act_re_model` (
  `ID_` varchar(64) COLLATE utf8_bin NOT NULL,
  `REV_` int(11) DEFAULT NULL,
  `NAME_` varchar(255) COLLATE utf8_bin DEFAULT NULL,
  `KEY_` varchar(255) COLLATE utf8_bin DEFAULT NULL,
  `CATEGORY_` varchar(255) COLLATE utf8_bin DEFAULT NULL,
  `CREATE_TIME_` timestamp(3) NULL DEFAULT NULL,
  `LAST_UPDATE_TIME_` timestamp(3) NULL DEFAULT NULL,
  `VERSION_` int(11) DEFAULT NULL,
  `META_INFO_` varchar(4000) COLLATE utf8_bin DEFAULT NULL,
  `DEPLOYMENT_ID_` varchar(64) COLLATE utf8_bin DEFAULT NULL,
  `EDITOR_SOURCE_VALUE_ID_` varchar(64) COLLATE utf8_bin DEFAULT NULL,
  `EDITOR_SOURCE_EXTRA_VALUE_ID_` varchar(64) COLLATE utf8_bin DEFAULT NULL,
  `TENANT_ID_` varchar(255) COLLATE utf8_bin DEFAULT '',
  PRIMARY KEY (`ID_`),
  KEY `ACT_FK_MODEL_SOURCE` (`EDITOR_SOURCE_VALUE_ID_`),
  KEY `ACT_FK_MODEL_SOURCE_EXTRA` (`EDITOR_SOURCE_EXTRA_VALUE_ID_`),
  KEY `ACT_FK_MODEL_DEPLOYMENT` (`DEPLOYMENT_ID_`),
  CONSTRAINT `ACT_FK_MODEL_DEPLOYMENT` FOREIGN KEY (`DEPLOYMENT_ID_`) REFERENCES `act_re_deployment` (`ID_`),
  CONSTRAINT `ACT_FK_MODEL_SOURCE` FOREIGN KEY (`EDITOR_SOURCE_VALUE_ID_`) REFERENCES `act_ge_bytearray` (`ID_`),
  CONSTRAINT `ACT_FK_MODEL_SOURCE_EXTRA` FOREIGN KEY (`EDITOR_SOURCE_EXTRA_VALUE_ID_`) REFERENCES `act_ge_bytearray` (`ID_`)
) ENGINE=InnoDB DEFAULT CHARSET=utf8 COLLATE=utf8_bin;
/*!40101 SET character_set_client = @saved_cs_client */;

--
-- Dumping data for table `act_re_model`
--

LOCK TABLES `act_re_model` WRITE;
/*!40000 ALTER TABLE `act_re_model` DISABLE KEYS */;
/*!40000 ALTER TABLE `act_re_model` ENABLE KEYS */;
UNLOCK TABLES;

--
-- Table structure for table `act_re_procdef`
--

DROP TABLE IF EXISTS `act_re_procdef`;
/*!40101 SET @saved_cs_client     = @@character_set_client */;
/*!40101 SET character_set_client = utf8 */;
CREATE TABLE `act_re_procdef` (
  `ID_` varchar(64) COLLATE utf8_bin NOT NULL,
  `REV_` int(11) DEFAULT NULL,
  `CATEGORY_` varchar(255) COLLATE utf8_bin DEFAULT NULL,
  `NAME_` varchar(255) COLLATE utf8_bin DEFAULT NULL,
  `KEY_` varchar(255) COLLATE utf8_bin NOT NULL,
  `VERSION_` int(11) NOT NULL,
  `DEPLOYMENT_ID_` varchar(64) COLLATE utf8_bin DEFAULT NULL,
  `RESOURCE_NAME_` varchar(4000) COLLATE utf8_bin DEFAULT NULL,
  `DGRM_RESOURCE_NAME_` varchar(4000) COLLATE utf8_bin DEFAULT NULL,
  `DESCRIPTION_` varchar(4000) COLLATE utf8_bin DEFAULT NULL,
  `HAS_START_FORM_KEY_` tinyint(4) DEFAULT NULL,
  `HAS_GRAPHICAL_NOTATION_` tinyint(4) DEFAULT NULL,
  `SUSPENSION_STATE_` int(11) DEFAULT NULL,
  `TENANT_ID_` varchar(255) COLLATE utf8_bin DEFAULT '',
  `ENGINE_VERSION_` varchar(255) COLLATE utf8_bin DEFAULT NULL,
  PRIMARY KEY (`ID_`),
  UNIQUE KEY `ACT_UNIQ_PROCDEF` (`KEY_`,`VERSION_`,`TENANT_ID_`)
) ENGINE=InnoDB DEFAULT CHARSET=utf8 COLLATE=utf8_bin;
/*!40101 SET character_set_client = @saved_cs_client */;

--
-- Dumping data for table `act_re_procdef`
--

LOCK TABLES `act_re_procdef` WRITE;
/*!40000 ALTER TABLE `act_re_procdef` DISABLE KEYS */;
INSERT INTO `act_re_procdef` VALUES ('Contract:1:65006',1,'http://www.activiti.org/test',NULL,'Contract',1,'65001','E:\\Git\\stconline\\server\\target\\classes\\processes\\Contract.bpmn20.xml','E:\\Git\\stconline\\server\\target\\classes\\processes\\Contract.Contract.png',NULL,0,1,1,'',NULL),('Contract:2:67509',1,'http://www.activiti.org/test','合同','Contract',2,'67501','E:\\Git\\stconline\\server\\target\\classes\\processes\\Contract.bpmn20.xml','E:\\Git\\stconline\\server\\target\\classes\\processes\\Contract.Contract.png',NULL,0,1,1,'',NULL),('Entrust:10:50004',1,'http://www.activiti.org/test','委托','Entrust',10,'50001','Entrust.bpmn20.xml','Entrust.Entrust.png',NULL,0,1,1,'',NULL),('Entrust:11:52507',1,'http://www.activiti.org/test','委托','Entrust',11,'52501','E:\\Git\\stconline\\server\\target\\classes\\processes\\Entrust.bpmn20.xml','E:\\Git\\stconline\\server\\target\\classes\\processes\\Entrust.Entrust.png',NULL,0,1,1,'',NULL),('Entrust:12:55006',1,'http://www.activiti.org/test','委托','Entrust',12,'55001','Entrust.bpmn20.xml','Entrust.Entrust.png',NULL,0,1,1,'',NULL),('Entrust:13:57507',1,'http://www.activiti.org/test','委托','Entrust',13,'57501','E:\\Git\\stconline\\server\\target\\classes\\processes\\Entrust.bpmn20.xml','E:\\Git\\stconline\\server\\target\\classes\\processes\\Entrust.Entrust.png',NULL,0,1,1,'',NULL),('Entrust:14:60006',1,'http://www.activiti.org/test','委托','Entrust',14,'60001','Entrust.bpmn20.xml','Entrust.Entrust.png',NULL,0,1,1,'',NULL),('Entrust:15:62507',1,'http://www.activiti.org/test','委托','Entrust',15,'62501','E:\\Git\\stconline\\server\\target\\classes\\processes\\Entrust.bpmn20.xml','E:\\Git\\stconline\\server\\target\\classes\\processes\\Entrust.Entrust.png',NULL,0,1,1,'',NULL),('Entrust:16:65007',1,'http://www.activiti.org/test','委托','Entrust',16,'65001','E:\\Git\\stconline\\server\\target\\classes\\processes\\Entrust.bpmn20.xml','E:\\Git\\stconline\\server\\target\\classes\\processes\\Entrust.Entrust.png',NULL,0,1,1,'',NULL),('Entrust:17:67510',1,'http://www.activiti.org/test','委托','Entrust',17,'67501','E:\\Git\\stconline\\server\\target\\classes\\processes\\Entrust.bpmn20.xml','E:\\Git\\stconline\\server\\target\\classes\\processes\\Entrust.Entrust.png',NULL,0,1,1,'',NULL),('Entrust:1:2506',1,'http://www.activiti.org/test','委托','Entrust',1,'2501','/home/czf/桌面/stconline/server/target/classes/processes/Entrust.bpmn20.xml','/home/czf/桌面/stconline/server/target/classes/processes/Entrust.Entrust.png',NULL,0,1,1,'',NULL),('Entrust:2:5004',1,'http://www.activiti.org/test','委托','Entrust',2,'5001','processes/Entrust.bpmn20.xml','processes/Entrust.Entrust.png',NULL,0,1,1,'',NULL),('Entrust:3:7504',1,'http://www.activiti.org/test','委托','Entrust',3,'7501','processes/Entrust.bpmn20.xml','processes/Entrust.Entrust.png',NULL,0,1,1,'',NULL),('Entrust:4:7508',1,'http://www.activiti.org/test','委托','Entrust',4,'7505','processes/Entrust.bpmn20.xml','processes/Entrust.Entrust.png',NULL,0,1,1,'',NULL),('Entrust:5:15006',1,'http://www.activiti.org/test','委托','Entrust',5,'15001','/home/dell/stconline/server/target/classes/processes/Entrust.bpmn20.xml','/home/dell/stconline/server/target/classes/processes/Entrust.Entrust.png',NULL,0,1,1,'',NULL),('Entrust:6:20007',1,'http://www.activiti.org/test','委托','Entrust',6,'20001','E:\\Git\\stconline\\server\\target\\classes\\processes\\Entrust.bpmn20.xml','E:\\Git\\stconline\\server\\target\\classes\\processes\\Entrust.Entrust.png',NULL,0,1,1,'',NULL),('Entrust:7:22506',1,'http://www.activiti.org/test','委托','Entrust',7,'22501','/home/dell/stconline/server/target/classes/processes/Entrust.bpmn20.xml','/home/dell/stconline/server/target/classes/processes/Entrust.Entrust.png',NULL,0,1,1,'',NULL),('Entrust:8:32506',1,'http://www.activiti.org/test','委托','Entrust',8,'32501','/home/dell/stconline/server/target/classes/processes/Entrust.bpmn20.xml','/home/dell/stconline/server/target/classes/processes/Entrust.Entrust.png',NULL,0,1,1,'',NULL),('Entrust:9:35007',1,'http://www.activiti.org/test','委托','Entrust',9,'35001','E:\\Git\\stconline\\server\\target\\classes\\processes\\Entrust.bpmn20.xml','E:\\Git\\stconline\\server\\target\\classes\\processes\\Entrust.Entrust.png',NULL,0,1,1,'',NULL),('entrust_process:10:52506',1,'http://www.activiti.org/test','EntrustProcess','entrust_process',10,'52501','E:\\Git\\stconline\\server\\target\\classes\\processes\\EntrustProcess.bpmn','E:\\Git\\stconline\\server\\target\\classes\\processes\\EntrustProcess.entrust_process.png',NULL,0,1,1,'',NULL),('entrust_process:11:55007',1,'http://www.activiti.org/test','EntrustProcess','entrust_process',11,'55001','EntrustProcess.bpmn','EntrustProcess.entrust_process.png',NULL,0,1,1,'',NULL),('entrust_process:12:57506',1,'http://www.activiti.org/test','EntrustProcess','entrust_process',12,'57501','E:\\Git\\stconline\\server\\target\\classes\\processes\\EntrustProcess.bpmn','E:\\Git\\stconline\\server\\target\\classes\\processes\\EntrustProcess.entrust_process.png',NULL,0,1,1,'',NULL),('entrust_process:13:60007',1,'http://www.activiti.org/test','EntrustProcess','entrust_process',13,'60001','EntrustProcess.bpmn','EntrustProcess.entrust_process.png',NULL,0,1,1,'',NULL),('entrust_process:14:62506',1,'http://www.activiti.org/test','EntrustProcess','entrust_process',14,'62501','E:\\Git\\stconline\\server\\target\\classes\\processes\\EntrustProcess.bpmn','E:\\Git\\stconline\\server\\target\\classes\\processes\\EntrustProcess.entrust_process.png',NULL,0,1,1,'',NULL),('entrust_process:1:4',1,'http://www.activiti.org/test','EntrustProcess','entrust_process',1,'1','/home/lfm/repos/SE/stconline/server/target/classes/processes/EntrustProcess.bpmn','/home/lfm/repos/SE/stconline/server/target/classes/processes/EntrustProcess.entrust_process.png',NULL,0,1,1,'',NULL),('entrust_process:2:2507',1,'http://www.activiti.org/test','EntrustProcess','entrust_process',2,'2501','/home/czf/桌面/stconline/server/target/classes/processes/EntrustProcess.bpmn','/home/czf/桌面/stconline/server/target/classes/processes/EntrustProcess.entrust_process.png',NULL,0,1,1,'',NULL),('entrust_process:3:15007',1,'http://www.activiti.org/test','EntrustProcess','entrust_process',3,'15001','/home/dell/stconline/server/target/classes/processes/EntrustProcess.bpmn','/home/dell/stconline/server/target/classes/processes/EntrustProcess.entrust_process.png',NULL,0,1,1,'',NULL),('entrust_process:4:20006',1,'http://www.activiti.org/test','EntrustProcess','entrust_process',4,'20001','E:\\Git\\stconline\\server\\target\\classes\\processes\\EntrustProcess.bpmn','E:\\Git\\stconline\\server\\target\\classes\\processes\\EntrustProcess.entrust_process.png',NULL,0,1,1,'',NULL),('entrust_process:5:22507',1,'http://www.activiti.org/test','EntrustProcess','entrust_process',5,'22501','/home/dell/stconline/server/target/classes/processes/EntrustProcess.bpmn','/home/dell/stconline/server/target/classes/processes/EntrustProcess.entrust_process.png',NULL,0,1,1,'',NULL),('entrust_process:6:32507',1,'http://www.activiti.org/test','EntrustProcess','entrust_process',6,'32501','/home/dell/stconline/server/target/classes/processes/EntrustProcess.bpmn','/home/dell/stconline/server/target/classes/processes/EntrustProcess.entrust_process.png',NULL,0,1,1,'',NULL),('entrust_process:7:35006',1,'http://www.activiti.org/test','EntrustProcess','entrust_process',7,'35001','E:\\Git\\stconline\\server\\target\\classes\\processes\\EntrustProcess.bpmn','E:\\Git\\stconline\\server\\target\\classes\\processes\\EntrustProcess.entrust_process.png',NULL,0,1,1,'',NULL),('entrust_process:8:37504',1,'http://www.activiti.org/test','EntrustProcess','entrust_process',8,'37501','processes/EntrustProcess.bpmn','processes/EntrustProcess.png',NULL,0,1,1,'',NULL),('entrust_process:9:42504',1,'http://www.activiti.org/test','EntrustProcess','entrust_process',9,'42501','processes/EntrustProcess.bpmn','processes/EntrustProcess.png',NULL,0,1,1,'',NULL),('myProcess_1:1:67508',1,'http://www.activiti.org/test',NULL,'myProcess_1',1,'67501','E:\\Git\\stconline\\server\\target\\classes\\processes\\TestPlan.bpmn','E:\\Git\\stconline\\server\\target\\classes\\processes\\TestPlan.myProcess_1.png',NULL,0,1,1,'',NULL);
/*!40000 ALTER TABLE `act_re_procdef` ENABLE KEYS */;
UNLOCK TABLES;

--
-- Table structure for table `act_ru_deadletter_job`
--

DROP TABLE IF EXISTS `act_ru_deadletter_job`;
/*!40101 SET @saved_cs_client     = @@character_set_client */;
/*!40101 SET character_set_client = utf8 */;
CREATE TABLE `act_ru_deadletter_job` (
  `ID_` varchar(64) COLLATE utf8_bin NOT NULL,
  `REV_` int(11) DEFAULT NULL,
  `TYPE_` varchar(255) COLLATE utf8_bin NOT NULL,
  `EXCLUSIVE_` tinyint(1) DEFAULT NULL,
  `EXECUTION_ID_` varchar(64) COLLATE utf8_bin DEFAULT NULL,
  `PROCESS_INSTANCE_ID_` varchar(64) COLLATE utf8_bin DEFAULT NULL,
  `PROC_DEF_ID_` varchar(64) COLLATE utf8_bin DEFAULT NULL,
  `EXCEPTION_STACK_ID_` varchar(64) COLLATE utf8_bin DEFAULT NULL,
  `EXCEPTION_MSG_` varchar(4000) COLLATE utf8_bin DEFAULT NULL,
  `DUEDATE_` timestamp(3) NULL DEFAULT NULL,
  `REPEAT_` varchar(255) COLLATE utf8_bin DEFAULT NULL,
  `HANDLER_TYPE_` varchar(255) COLLATE utf8_bin DEFAULT NULL,
  `HANDLER_CFG_` varchar(4000) COLLATE utf8_bin DEFAULT NULL,
  `TENANT_ID_` varchar(255) COLLATE utf8_bin DEFAULT '',
  PRIMARY KEY (`ID_`),
  KEY `ACT_FK_DEADLETTER_JOB_EXECUTION` (`EXECUTION_ID_`),
  KEY `ACT_FK_DEADLETTER_JOB_PROCESS_INSTANCE` (`PROCESS_INSTANCE_ID_`),
  KEY `ACT_FK_DEADLETTER_JOB_PROC_DEF` (`PROC_DEF_ID_`),
  KEY `ACT_FK_DEADLETTER_JOB_EXCEPTION` (`EXCEPTION_STACK_ID_`),
  CONSTRAINT `ACT_FK_DEADLETTER_JOB_EXCEPTION` FOREIGN KEY (`EXCEPTION_STACK_ID_`) REFERENCES `act_ge_bytearray` (`ID_`),
  CONSTRAINT `ACT_FK_DEADLETTER_JOB_EXECUTION` FOREIGN KEY (`EXECUTION_ID_`) REFERENCES `act_ru_execution` (`ID_`),
  CONSTRAINT `ACT_FK_DEADLETTER_JOB_PROCESS_INSTANCE` FOREIGN KEY (`PROCESS_INSTANCE_ID_`) REFERENCES `act_ru_execution` (`ID_`),
  CONSTRAINT `ACT_FK_DEADLETTER_JOB_PROC_DEF` FOREIGN KEY (`PROC_DEF_ID_`) REFERENCES `act_re_procdef` (`ID_`)
) ENGINE=InnoDB DEFAULT CHARSET=utf8 COLLATE=utf8_bin;
/*!40101 SET character_set_client = @saved_cs_client */;

--
-- Dumping data for table `act_ru_deadletter_job`
--

LOCK TABLES `act_ru_deadletter_job` WRITE;
/*!40000 ALTER TABLE `act_ru_deadletter_job` DISABLE KEYS */;
/*!40000 ALTER TABLE `act_ru_deadletter_job` ENABLE KEYS */;
UNLOCK TABLES;

--
-- Table structure for table `act_ru_event_subscr`
--

DROP TABLE IF EXISTS `act_ru_event_subscr`;
/*!40101 SET @saved_cs_client     = @@character_set_client */;
/*!40101 SET character_set_client = utf8 */;
CREATE TABLE `act_ru_event_subscr` (
  `ID_` varchar(64) COLLATE utf8_bin NOT NULL,
  `REV_` int(11) DEFAULT NULL,
  `EVENT_TYPE_` varchar(255) COLLATE utf8_bin NOT NULL,
  `EVENT_NAME_` varchar(255) COLLATE utf8_bin DEFAULT NULL,
  `EXECUTION_ID_` varchar(64) COLLATE utf8_bin DEFAULT NULL,
  `PROC_INST_ID_` varchar(64) COLLATE utf8_bin DEFAULT NULL,
  `ACTIVITY_ID_` varchar(64) COLLATE utf8_bin DEFAULT NULL,
  `CONFIGURATION_` varchar(255) COLLATE utf8_bin DEFAULT NULL,
  `CREATED_` timestamp(3) NOT NULL DEFAULT CURRENT_TIMESTAMP(3),
  `PROC_DEF_ID_` varchar(64) COLLATE utf8_bin DEFAULT NULL,
  `TENANT_ID_` varchar(255) COLLATE utf8_bin DEFAULT '',
  PRIMARY KEY (`ID_`),
  KEY `ACT_IDX_EVENT_SUBSCR_CONFIG_` (`CONFIGURATION_`),
  KEY `ACT_FK_EVENT_EXEC` (`EXECUTION_ID_`),
  CONSTRAINT `ACT_FK_EVENT_EXEC` FOREIGN KEY (`EXECUTION_ID_`) REFERENCES `act_ru_execution` (`ID_`)
) ENGINE=InnoDB DEFAULT CHARSET=utf8 COLLATE=utf8_bin;
/*!40101 SET character_set_client = @saved_cs_client */;

--
-- Dumping data for table `act_ru_event_subscr`
--

LOCK TABLES `act_ru_event_subscr` WRITE;
/*!40000 ALTER TABLE `act_ru_event_subscr` DISABLE KEYS */;
/*!40000 ALTER TABLE `act_ru_event_subscr` ENABLE KEYS */;
UNLOCK TABLES;

--
-- Table structure for table `act_ru_execution`
--

DROP TABLE IF EXISTS `act_ru_execution`;
/*!40101 SET @saved_cs_client     = @@character_set_client */;
/*!40101 SET character_set_client = utf8 */;
CREATE TABLE `act_ru_execution` (
  `ID_` varchar(64) COLLATE utf8_bin NOT NULL,
  `REV_` int(11) DEFAULT NULL,
  `PROC_INST_ID_` varchar(64) COLLATE utf8_bin DEFAULT NULL,
  `BUSINESS_KEY_` varchar(255) COLLATE utf8_bin DEFAULT NULL,
  `PARENT_ID_` varchar(64) COLLATE utf8_bin DEFAULT NULL,
  `PROC_DEF_ID_` varchar(64) COLLATE utf8_bin DEFAULT NULL,
  `SUPER_EXEC_` varchar(64) COLLATE utf8_bin DEFAULT NULL,
  `ROOT_PROC_INST_ID_` varchar(64) COLLATE utf8_bin DEFAULT NULL,
  `ACT_ID_` varchar(255) COLLATE utf8_bin DEFAULT NULL,
  `IS_ACTIVE_` tinyint(4) DEFAULT NULL,
  `IS_CONCURRENT_` tinyint(4) DEFAULT NULL,
  `IS_SCOPE_` tinyint(4) DEFAULT NULL,
  `IS_EVENT_SCOPE_` tinyint(4) DEFAULT NULL,
  `IS_MI_ROOT_` tinyint(4) DEFAULT NULL,
  `SUSPENSION_STATE_` int(11) DEFAULT NULL,
  `CACHED_ENT_STATE_` int(11) DEFAULT NULL,
  `TENANT_ID_` varchar(255) COLLATE utf8_bin DEFAULT '',
  `NAME_` varchar(255) COLLATE utf8_bin DEFAULT NULL,
  `START_TIME_` datetime(3) DEFAULT NULL,
  `START_USER_ID_` varchar(255) COLLATE utf8_bin DEFAULT NULL,
  `LOCK_TIME_` timestamp(3) NULL DEFAULT NULL,
  `IS_COUNT_ENABLED_` tinyint(4) DEFAULT NULL,
  `EVT_SUBSCR_COUNT_` int(11) DEFAULT NULL,
  `TASK_COUNT_` int(11) DEFAULT NULL,
  `JOB_COUNT_` int(11) DEFAULT NULL,
  `TIMER_JOB_COUNT_` int(11) DEFAULT NULL,
  `SUSP_JOB_COUNT_` int(11) DEFAULT NULL,
  `DEADLETTER_JOB_COUNT_` int(11) DEFAULT NULL,
  `VAR_COUNT_` int(11) DEFAULT NULL,
  `ID_LINK_COUNT_` int(11) DEFAULT NULL,
  PRIMARY KEY (`ID_`),
  KEY `ACT_IDX_EXEC_BUSKEY` (`BUSINESS_KEY_`),
  KEY `ACT_IDC_EXEC_ROOT` (`ROOT_PROC_INST_ID_`),
  KEY `ACT_FK_EXE_PROCINST` (`PROC_INST_ID_`),
  KEY `ACT_FK_EXE_PARENT` (`PARENT_ID_`),
  KEY `ACT_FK_EXE_SUPER` (`SUPER_EXEC_`),
  KEY `ACT_FK_EXE_PROCDEF` (`PROC_DEF_ID_`),
  CONSTRAINT `ACT_FK_EXE_PARENT` FOREIGN KEY (`PARENT_ID_`) REFERENCES `act_ru_execution` (`ID_`) ON DELETE CASCADE,
  CONSTRAINT `ACT_FK_EXE_PROCDEF` FOREIGN KEY (`PROC_DEF_ID_`) REFERENCES `act_re_procdef` (`ID_`),
  CONSTRAINT `ACT_FK_EXE_PROCINST` FOREIGN KEY (`PROC_INST_ID_`) REFERENCES `act_ru_execution` (`ID_`) ON DELETE CASCADE ON UPDATE CASCADE,
  CONSTRAINT `ACT_FK_EXE_SUPER` FOREIGN KEY (`SUPER_EXEC_`) REFERENCES `act_ru_execution` (`ID_`) ON DELETE CASCADE
) ENGINE=InnoDB DEFAULT CHARSET=utf8 COLLATE=utf8_bin;
/*!40101 SET character_set_client = @saved_cs_client */;

--
-- Dumping data for table `act_ru_execution`
--

LOCK TABLES `act_ru_execution` WRITE;
/*!40000 ALTER TABLE `act_ru_execution` DISABLE KEYS */;
INSERT INTO `act_ru_execution` VALUES ('17501',1,'17501',NULL,NULL,'Entrust:5:15006',NULL,'17501',NULL,1,0,1,0,0,1,NULL,'',NULL,'2019-06-04 11:50:15.275',NULL,NULL,0,0,0,0,0,0,0,0,0),('17505',1,'17501',NULL,'17501','Entrust:5:15006',NULL,'17501','submitEntrust',1,0,0,0,0,1,NULL,'',NULL,'2019-06-04 11:50:15.330',NULL,NULL,0,0,0,0,0,0,0,0,0),('17510',1,'17510',NULL,NULL,'Entrust:5:15006',NULL,'17510',NULL,1,0,1,0,0,1,NULL,'',NULL,'2019-06-04 11:50:16.843',NULL,NULL,0,0,0,0,0,0,0,0,0),('17514',1,'17510',NULL,'17510','Entrust:5:15006',NULL,'17510','submitEntrust',1,0,0,0,0,1,NULL,'',NULL,'2019-06-04 11:50:16.843',NULL,NULL,0,0,0,0,0,0,0,0,0),('17519',1,'17519',NULL,NULL,'Entrust:5:15006',NULL,'17519',NULL,1,0,1,0,0,1,NULL,'',NULL,'2019-06-04 11:50:18.257',NULL,NULL,0,0,0,0,0,0,0,0,0),('17523',1,'17519',NULL,'17519','Entrust:5:15006',NULL,'17519','submitEntrust',1,0,0,0,0,1,NULL,'',NULL,'2019-06-04 11:50:18.257',NULL,NULL,0,0,0,0,0,0,0,0,0),('17528',1,'17528',NULL,NULL,'Entrust:5:15006',NULL,'17528',NULL,1,0,1,0,0,1,NULL,'',NULL,'2019-06-04 11:50:19.365',NULL,NULL,0,0,0,0,0,0,0,0,0),('17532',1,'17528',NULL,'17528','Entrust:5:15006',NULL,'17528','submitEntrust',1,0,0,0,0,1,NULL,'',NULL,'2019-06-04 11:50:19.365',NULL,NULL,0,0,0,0,0,0,0,0,0),('17537',1,'17537',NULL,NULL,'Entrust:5:15006',NULL,'17537',NULL,1,0,1,0,0,1,NULL,'',NULL,'2019-06-04 11:50:21.268',NULL,NULL,0,0,0,0,0,0,0,0,0),('17541',1,'17537',NULL,'17537','Entrust:5:15006',NULL,'17537','submitEntrust',1,0,0,0,0,1,NULL,'',NULL,'2019-06-04 11:50:21.269',NULL,NULL,0,0,0,0,0,0,0,0,0),('17546',1,'17546',NULL,NULL,'Entrust:5:15006',NULL,'17546',NULL,1,0,1,0,0,1,NULL,'',NULL,'2019-06-04 11:50:22.655',NULL,NULL,0,0,0,0,0,0,0,0,0),('17550',1,'17546',NULL,'17546','Entrust:5:15006',NULL,'17546','submitEntrust',1,0,0,0,0,1,NULL,'',NULL,'2019-06-04 11:50:22.656',NULL,NULL,0,0,0,0,0,0,0,0,0),('25001',1,'25001',NULL,NULL,'Entrust:7:22506',NULL,'25001',NULL,1,0,1,0,0,1,NULL,'',NULL,'2019-06-05 07:29:40.767',NULL,NULL,0,0,0,0,0,0,0,0,0),('25005',1,'25001',NULL,'25001','Entrust:7:22506',NULL,'25001','submitEntrust',1,0,0,0,0,1,NULL,'',NULL,'2019-06-05 07:29:40.826',NULL,NULL,0,0,0,0,0,0,0,0,0),('25010',1,'25010',NULL,NULL,'Entrust:7:22506',NULL,'25010',NULL,1,0,1,0,0,1,NULL,'',NULL,'2019-06-05 07:29:42.140',NULL,NULL,0,0,0,0,0,0,0,0,0),('25014',1,'25010',NULL,'25010','Entrust:7:22506',NULL,'25010','submitEntrust',1,0,0,0,0,1,NULL,'',NULL,'2019-06-05 07:29:42.141',NULL,NULL,0,0,0,0,0,0,0,0,0),('25019',1,'25019',NULL,NULL,'Entrust:7:22506',NULL,'25019',NULL,1,0,1,0,0,1,NULL,'',NULL,'2019-06-05 07:29:43.450',NULL,NULL,0,0,0,0,0,0,0,0,0),('25023',1,'25019',NULL,'25019','Entrust:7:22506',NULL,'25019','submitEntrust',1,0,0,0,0,1,NULL,'',NULL,'2019-06-05 07:29:43.450',NULL,NULL,0,0,0,0,0,0,0,0,0),('25028',1,'25028',NULL,NULL,'Entrust:7:22506',NULL,'25028',NULL,1,0,1,0,0,1,NULL,'',NULL,'2019-06-05 07:29:44.651',NULL,NULL,0,0,0,0,0,0,0,0,0),('25032',1,'25028',NULL,'25028','Entrust:7:22506',NULL,'25028','submitEntrust',1,0,0,0,0,1,NULL,'',NULL,'2019-06-05 07:29:44.651',NULL,NULL,0,0,0,0,0,0,0,0,0),('25037',1,'25037',NULL,NULL,'Entrust:7:22506',NULL,'25037',NULL,1,0,1,0,0,1,NULL,'',NULL,'2019-06-05 07:29:45.838',NULL,NULL,0,0,0,0,0,0,0,0,0),('25041',1,'25037',NULL,'25037','Entrust:7:22506',NULL,'25037','submitEntrust',1,0,0,0,0,1,NULL,'',NULL,'2019-06-05 07:29:45.838',NULL,NULL,0,0,0,0,0,0,0,0,0),('25046',1,'25046',NULL,NULL,'Entrust:7:22506',NULL,'25046',NULL,1,0,1,0,0,1,NULL,'',NULL,'2019-06-05 07:29:47.368',NULL,NULL,0,0,0,0,0,0,0,0,0),('25050',1,'25046',NULL,'25046','Entrust:7:22506',NULL,'25046','submitEntrust',1,0,0,0,0,1,NULL,'',NULL,'2019-06-05 07:29:47.369',NULL,NULL,0,0,0,0,0,0,0,0,0),('27501',1,'27501',NULL,NULL,'Entrust:7:22506',NULL,'27501',NULL,1,0,1,0,0,1,NULL,'',NULL,'2019-06-05 07:50:32.987',NULL,NULL,0,0,0,0,0,0,0,0,0),('27505',1,'27501',NULL,'27501','Entrust:7:22506',NULL,'27501','submitEntrust',1,0,0,0,0,1,NULL,'',NULL,'2019-06-05 07:50:33.056',NULL,NULL,0,0,0,0,0,0,0,0,0),('27510',1,'27510',NULL,NULL,'Entrust:7:22506',NULL,'27510',NULL,1,0,1,0,0,1,NULL,'',NULL,'2019-06-05 07:50:34.346',NULL,NULL,0,0,0,0,0,0,0,0,0),('27514',1,'27510',NULL,'27510','Entrust:7:22506',NULL,'27510','submitEntrust',1,0,0,0,0,1,NULL,'',NULL,'2019-06-05 07:50:34.346',NULL,NULL,0,0,0,0,0,0,0,0,0),('27519',1,'27519',NULL,NULL,'Entrust:7:22506',NULL,'27519',NULL,1,0,1,0,0,1,NULL,'',NULL,'2019-06-05 07:50:35.673',NULL,NULL,0,0,0,0,0,0,0,0,0),('27523',1,'27519',NULL,'27519','Entrust:7:22506',NULL,'27519','submitEntrust',1,0,0,0,0,1,NULL,'',NULL,'2019-06-05 07:50:35.673',NULL,NULL,0,0,0,0,0,0,0,0,0),('27528',1,'27528',NULL,NULL,'Entrust:7:22506',NULL,'27528',NULL,1,0,1,0,0,1,NULL,'',NULL,'2019-06-05 07:50:36.858',NULL,NULL,0,0,0,0,0,0,0,0,0),('27532',1,'27528',NULL,'27528','Entrust:7:22506',NULL,'27528','submitEntrust',1,0,0,0,0,1,NULL,'',NULL,'2019-06-05 07:50:36.859',NULL,NULL,0,0,0,0,0,0,0,0,0),('27537',1,'27537',NULL,NULL,'Entrust:7:22506',NULL,'27537',NULL,1,0,1,0,0,1,NULL,'',NULL,'2019-06-05 07:50:38.810',NULL,NULL,0,0,0,0,0,0,0,0,0),('27541',1,'27537',NULL,'27537','Entrust:7:22506',NULL,'27537','submitEntrust',1,0,0,0,0,1,NULL,'',NULL,'2019-06-05 07:50:38.811',NULL,NULL,0,0,0,0,0,0,0,0,0),('27546',1,'27546',NULL,NULL,'Entrust:7:22506',NULL,'27546',NULL,1,0,1,0,0,1,NULL,'',NULL,'2019-06-05 07:50:40.002',NULL,NULL,0,0,0,0,0,0,0,0,0),('27550',1,'27546',NULL,'27546','Entrust:7:22506',NULL,'27546','submitEntrust',1,0,0,0,0,1,NULL,'',NULL,'2019-06-05 07:50:40.003',NULL,NULL,0,0,0,0,0,0,0,0,0),('30001',1,'30001',NULL,NULL,'Entrust:7:22506',NULL,'30001',NULL,1,0,1,0,0,1,NULL,'',NULL,'2019-06-05 07:56:51.825',NULL,NULL,0,0,0,0,0,0,0,0,0),('30005',1,'30001',NULL,'30001','Entrust:7:22506',NULL,'30001','submitEntrust',1,0,0,0,0,1,NULL,'',NULL,'2019-06-05 07:56:51.899',NULL,NULL,0,0,0,0,0,0,0,0,0),('30010',1,'30010',NULL,NULL,'Entrust:7:22506',NULL,'30010',NULL,1,0,1,0,0,1,NULL,'',NULL,'2019-06-05 07:56:53.444',NULL,NULL,0,0,0,0,0,0,0,0,0),('30014',1,'30010',NULL,'30010','Entrust:7:22506',NULL,'30010','submitEntrust',1,0,0,0,0,1,NULL,'',NULL,'2019-06-05 07:56:53.445',NULL,NULL,0,0,0,0,0,0,0,0,0),('30019',1,'30019',NULL,NULL,'Entrust:7:22506',NULL,'30019',NULL,1,0,1,0,0,1,NULL,'',NULL,'2019-06-05 07:56:54.803',NULL,NULL,0,0,0,0,0,0,0,0,0),('30023',1,'30019',NULL,'30019','Entrust:7:22506',NULL,'30019','submitEntrust',1,0,0,0,0,1,NULL,'',NULL,'2019-06-05 07:56:54.804',NULL,NULL,0,0,0,0,0,0,0,0,0),('30028',1,'30028',NULL,NULL,'Entrust:7:22506',NULL,'30028',NULL,1,0,1,0,0,1,NULL,'',NULL,'2019-06-05 07:56:56.002',NULL,NULL,0,0,0,0,0,0,0,0,0),('30032',1,'30028',NULL,'30028','Entrust:7:22506',NULL,'30028','submitEntrust',1,0,0,0,0,1,NULL,'',NULL,'2019-06-05 07:56:56.002',NULL,NULL,0,0,0,0,0,0,0,0,0),('30037',1,'30037',NULL,NULL,'Entrust:7:22506',NULL,'30037',NULL,1,0,1,0,0,1,NULL,'',NULL,'2019-06-05 07:56:57.731',NULL,NULL,0,0,0,0,0,0,0,0,0),('30041',1,'30037',NULL,'30037','Entrust:7:22506',NULL,'30037','submitEntrust',1,0,0,0,0,1,NULL,'',NULL,'2019-06-05 07:56:57.731',NULL,NULL,0,0,0,0,0,0,0,0,0),('30046',1,'30046',NULL,NULL,'Entrust:7:22506',NULL,'30046',NULL,1,0,1,0,0,1,NULL,'',NULL,'2019-06-05 07:56:58.915',NULL,NULL,0,0,0,0,0,0,0,0,0),('30050',1,'30046',NULL,'30046','Entrust:7:22506',NULL,'30046','submitEntrust',1,0,0,0,0,1,NULL,'',NULL,'2019-06-05 07:56:58.915',NULL,NULL,0,0,0,0,0,0,0,0,0);
/*!40000 ALTER TABLE `act_ru_execution` ENABLE KEYS */;
UNLOCK TABLES;

--
-- Table structure for table `act_ru_identitylink`
--

DROP TABLE IF EXISTS `act_ru_identitylink`;
/*!40101 SET @saved_cs_client     = @@character_set_client */;
/*!40101 SET character_set_client = utf8 */;
CREATE TABLE `act_ru_identitylink` (
  `ID_` varchar(64) COLLATE utf8_bin NOT NULL,
  `REV_` int(11) DEFAULT NULL,
  `GROUP_ID_` varchar(255) COLLATE utf8_bin DEFAULT NULL,
  `TYPE_` varchar(255) COLLATE utf8_bin DEFAULT NULL,
  `USER_ID_` varchar(255) COLLATE utf8_bin DEFAULT NULL,
  `TASK_ID_` varchar(64) COLLATE utf8_bin DEFAULT NULL,
  `PROC_INST_ID_` varchar(64) COLLATE utf8_bin DEFAULT NULL,
  `PROC_DEF_ID_` varchar(64) COLLATE utf8_bin DEFAULT NULL,
  PRIMARY KEY (`ID_`),
  KEY `ACT_IDX_IDENT_LNK_USER` (`USER_ID_`),
  KEY `ACT_IDX_IDENT_LNK_GROUP` (`GROUP_ID_`),
  KEY `ACT_IDX_ATHRZ_PROCEDEF` (`PROC_DEF_ID_`),
  KEY `ACT_FK_TSKASS_TASK` (`TASK_ID_`),
  KEY `ACT_FK_IDL_PROCINST` (`PROC_INST_ID_`),
  CONSTRAINT `ACT_FK_ATHRZ_PROCEDEF` FOREIGN KEY (`PROC_DEF_ID_`) REFERENCES `act_re_procdef` (`ID_`),
  CONSTRAINT `ACT_FK_IDL_PROCINST` FOREIGN KEY (`PROC_INST_ID_`) REFERENCES `act_ru_execution` (`ID_`),
  CONSTRAINT `ACT_FK_TSKASS_TASK` FOREIGN KEY (`TASK_ID_`) REFERENCES `act_ru_task` (`ID_`)
) ENGINE=InnoDB DEFAULT CHARSET=utf8 COLLATE=utf8_bin;
/*!40101 SET character_set_client = @saved_cs_client */;

--
-- Dumping data for table `act_ru_identitylink`
--

LOCK TABLES `act_ru_identitylink` WRITE;
/*!40000 ALTER TABLE `act_ru_identitylink` DISABLE KEYS */;
/*!40000 ALTER TABLE `act_ru_identitylink` ENABLE KEYS */;
UNLOCK TABLES;

--
-- Table structure for table `act_ru_job`
--

DROP TABLE IF EXISTS `act_ru_job`;
/*!40101 SET @saved_cs_client     = @@character_set_client */;
/*!40101 SET character_set_client = utf8 */;
CREATE TABLE `act_ru_job` (
  `ID_` varchar(64) COLLATE utf8_bin NOT NULL,
  `REV_` int(11) DEFAULT NULL,
  `TYPE_` varchar(255) COLLATE utf8_bin NOT NULL,
  `LOCK_EXP_TIME_` timestamp(3) NULL DEFAULT NULL,
  `LOCK_OWNER_` varchar(255) COLLATE utf8_bin DEFAULT NULL,
  `EXCLUSIVE_` tinyint(1) DEFAULT NULL,
  `EXECUTION_ID_` varchar(64) COLLATE utf8_bin DEFAULT NULL,
  `PROCESS_INSTANCE_ID_` varchar(64) COLLATE utf8_bin DEFAULT NULL,
  `PROC_DEF_ID_` varchar(64) COLLATE utf8_bin DEFAULT NULL,
  `RETRIES_` int(11) DEFAULT NULL,
  `EXCEPTION_STACK_ID_` varchar(64) COLLATE utf8_bin DEFAULT NULL,
  `EXCEPTION_MSG_` varchar(4000) COLLATE utf8_bin DEFAULT NULL,
  `DUEDATE_` timestamp(3) NULL DEFAULT NULL,
  `REPEAT_` varchar(255) COLLATE utf8_bin DEFAULT NULL,
  `HANDLER_TYPE_` varchar(255) COLLATE utf8_bin DEFAULT NULL,
  `HANDLER_CFG_` varchar(4000) COLLATE utf8_bin DEFAULT NULL,
  `TENANT_ID_` varchar(255) COLLATE utf8_bin DEFAULT '',
  PRIMARY KEY (`ID_`),
  KEY `ACT_FK_JOB_EXECUTION` (`EXECUTION_ID_`),
  KEY `ACT_FK_JOB_PROCESS_INSTANCE` (`PROCESS_INSTANCE_ID_`),
  KEY `ACT_FK_JOB_PROC_DEF` (`PROC_DEF_ID_`),
  KEY `ACT_FK_JOB_EXCEPTION` (`EXCEPTION_STACK_ID_`),
  CONSTRAINT `ACT_FK_JOB_EXCEPTION` FOREIGN KEY (`EXCEPTION_STACK_ID_`) REFERENCES `act_ge_bytearray` (`ID_`),
  CONSTRAINT `ACT_FK_JOB_EXECUTION` FOREIGN KEY (`EXECUTION_ID_`) REFERENCES `act_ru_execution` (`ID_`),
  CONSTRAINT `ACT_FK_JOB_PROCESS_INSTANCE` FOREIGN KEY (`PROCESS_INSTANCE_ID_`) REFERENCES `act_ru_execution` (`ID_`),
  CONSTRAINT `ACT_FK_JOB_PROC_DEF` FOREIGN KEY (`PROC_DEF_ID_`) REFERENCES `act_re_procdef` (`ID_`)
) ENGINE=InnoDB DEFAULT CHARSET=utf8 COLLATE=utf8_bin;
/*!40101 SET character_set_client = @saved_cs_client */;

--
-- Dumping data for table `act_ru_job`
--

LOCK TABLES `act_ru_job` WRITE;
/*!40000 ALTER TABLE `act_ru_job` DISABLE KEYS */;
/*!40000 ALTER TABLE `act_ru_job` ENABLE KEYS */;
UNLOCK TABLES;

--
-- Table structure for table `act_ru_suspended_job`
--

DROP TABLE IF EXISTS `act_ru_suspended_job`;
/*!40101 SET @saved_cs_client     = @@character_set_client */;
/*!40101 SET character_set_client = utf8 */;
CREATE TABLE `act_ru_suspended_job` (
  `ID_` varchar(64) COLLATE utf8_bin NOT NULL,
  `REV_` int(11) DEFAULT NULL,
  `TYPE_` varchar(255) COLLATE utf8_bin NOT NULL,
  `EXCLUSIVE_` tinyint(1) DEFAULT NULL,
  `EXECUTION_ID_` varchar(64) COLLATE utf8_bin DEFAULT NULL,
  `PROCESS_INSTANCE_ID_` varchar(64) COLLATE utf8_bin DEFAULT NULL,
  `PROC_DEF_ID_` varchar(64) COLLATE utf8_bin DEFAULT NULL,
  `RETRIES_` int(11) DEFAULT NULL,
  `EXCEPTION_STACK_ID_` varchar(64) COLLATE utf8_bin DEFAULT NULL,
  `EXCEPTION_MSG_` varchar(4000) COLLATE utf8_bin DEFAULT NULL,
  `DUEDATE_` timestamp(3) NULL DEFAULT NULL,
  `REPEAT_` varchar(255) COLLATE utf8_bin DEFAULT NULL,
  `HANDLER_TYPE_` varchar(255) COLLATE utf8_bin DEFAULT NULL,
  `HANDLER_CFG_` varchar(4000) COLLATE utf8_bin DEFAULT NULL,
  `TENANT_ID_` varchar(255) COLLATE utf8_bin DEFAULT '',
  PRIMARY KEY (`ID_`),
  KEY `ACT_FK_SUSPENDED_JOB_EXECUTION` (`EXECUTION_ID_`),
  KEY `ACT_FK_SUSPENDED_JOB_PROCESS_INSTANCE` (`PROCESS_INSTANCE_ID_`),
  KEY `ACT_FK_SUSPENDED_JOB_PROC_DEF` (`PROC_DEF_ID_`),
  KEY `ACT_FK_SUSPENDED_JOB_EXCEPTION` (`EXCEPTION_STACK_ID_`),
  CONSTRAINT `ACT_FK_SUSPENDED_JOB_EXCEPTION` FOREIGN KEY (`EXCEPTION_STACK_ID_`) REFERENCES `act_ge_bytearray` (`ID_`),
  CONSTRAINT `ACT_FK_SUSPENDED_JOB_EXECUTION` FOREIGN KEY (`EXECUTION_ID_`) REFERENCES `act_ru_execution` (`ID_`),
  CONSTRAINT `ACT_FK_SUSPENDED_JOB_PROCESS_INSTANCE` FOREIGN KEY (`PROCESS_INSTANCE_ID_`) REFERENCES `act_ru_execution` (`ID_`),
  CONSTRAINT `ACT_FK_SUSPENDED_JOB_PROC_DEF` FOREIGN KEY (`PROC_DEF_ID_`) REFERENCES `act_re_procdef` (`ID_`)
) ENGINE=InnoDB DEFAULT CHARSET=utf8 COLLATE=utf8_bin;
/*!40101 SET character_set_client = @saved_cs_client */;

--
-- Dumping data for table `act_ru_suspended_job`
--

LOCK TABLES `act_ru_suspended_job` WRITE;
/*!40000 ALTER TABLE `act_ru_suspended_job` DISABLE KEYS */;
/*!40000 ALTER TABLE `act_ru_suspended_job` ENABLE KEYS */;
UNLOCK TABLES;

--
-- Table structure for table `act_ru_task`
--

DROP TABLE IF EXISTS `act_ru_task`;
/*!40101 SET @saved_cs_client     = @@character_set_client */;
/*!40101 SET character_set_client = utf8 */;
CREATE TABLE `act_ru_task` (
  `ID_` varchar(64) COLLATE utf8_bin NOT NULL,
  `REV_` int(11) DEFAULT NULL,
  `EXECUTION_ID_` varchar(64) COLLATE utf8_bin DEFAULT NULL,
  `PROC_INST_ID_` varchar(64) COLLATE utf8_bin DEFAULT NULL,
  `PROC_DEF_ID_` varchar(64) COLLATE utf8_bin DEFAULT NULL,
  `NAME_` varchar(255) COLLATE utf8_bin DEFAULT NULL,
  `PARENT_TASK_ID_` varchar(64) COLLATE utf8_bin DEFAULT NULL,
  `DESCRIPTION_` varchar(4000) COLLATE utf8_bin DEFAULT NULL,
  `TASK_DEF_KEY_` varchar(255) COLLATE utf8_bin DEFAULT NULL,
  `OWNER_` varchar(255) COLLATE utf8_bin DEFAULT NULL,
  `ASSIGNEE_` varchar(255) COLLATE utf8_bin DEFAULT NULL,
  `DELEGATION_` varchar(64) COLLATE utf8_bin DEFAULT NULL,
  `PRIORITY_` int(11) DEFAULT NULL,
  `CREATE_TIME_` timestamp(3) NULL DEFAULT NULL,
  `DUE_DATE_` datetime(3) DEFAULT NULL,
  `CATEGORY_` varchar(255) COLLATE utf8_bin DEFAULT NULL,
  `SUSPENSION_STATE_` int(11) DEFAULT NULL,
  `TENANT_ID_` varchar(255) COLLATE utf8_bin DEFAULT '',
  `FORM_KEY_` varchar(255) COLLATE utf8_bin DEFAULT NULL,
  `CLAIM_TIME_` datetime(3) DEFAULT NULL,
  PRIMARY KEY (`ID_`),
  KEY `ACT_IDX_TASK_CREATE` (`CREATE_TIME_`),
  KEY `ACT_FK_TASK_EXE` (`EXECUTION_ID_`),
  KEY `ACT_FK_TASK_PROCINST` (`PROC_INST_ID_`),
  KEY `ACT_FK_TASK_PROCDEF` (`PROC_DEF_ID_`),
  CONSTRAINT `ACT_FK_TASK_EXE` FOREIGN KEY (`EXECUTION_ID_`) REFERENCES `act_ru_execution` (`ID_`),
  CONSTRAINT `ACT_FK_TASK_PROCDEF` FOREIGN KEY (`PROC_DEF_ID_`) REFERENCES `act_re_procdef` (`ID_`),
  CONSTRAINT `ACT_FK_TASK_PROCINST` FOREIGN KEY (`PROC_INST_ID_`) REFERENCES `act_ru_execution` (`ID_`)
) ENGINE=InnoDB DEFAULT CHARSET=utf8 COLLATE=utf8_bin;
/*!40101 SET character_set_client = @saved_cs_client */;

--
-- Dumping data for table `act_ru_task`
--

LOCK TABLES `act_ru_task` WRITE;
/*!40000 ALTER TABLE `act_ru_task` DISABLE KEYS */;
/*!40000 ALTER TABLE `act_ru_task` ENABLE KEYS */;
UNLOCK TABLES;

--
-- Table structure for table `act_ru_timer_job`
--

DROP TABLE IF EXISTS `act_ru_timer_job`;
/*!40101 SET @saved_cs_client     = @@character_set_client */;
/*!40101 SET character_set_client = utf8 */;
CREATE TABLE `act_ru_timer_job` (
  `ID_` varchar(64) COLLATE utf8_bin NOT NULL,
  `REV_` int(11) DEFAULT NULL,
  `TYPE_` varchar(255) COLLATE utf8_bin NOT NULL,
  `LOCK_EXP_TIME_` timestamp(3) NULL DEFAULT NULL,
  `LOCK_OWNER_` varchar(255) COLLATE utf8_bin DEFAULT NULL,
  `EXCLUSIVE_` tinyint(1) DEFAULT NULL,
  `EXECUTION_ID_` varchar(64) COLLATE utf8_bin DEFAULT NULL,
  `PROCESS_INSTANCE_ID_` varchar(64) COLLATE utf8_bin DEFAULT NULL,
  `PROC_DEF_ID_` varchar(64) COLLATE utf8_bin DEFAULT NULL,
  `RETRIES_` int(11) DEFAULT NULL,
  `EXCEPTION_STACK_ID_` varchar(64) COLLATE utf8_bin DEFAULT NULL,
  `EXCEPTION_MSG_` varchar(4000) COLLATE utf8_bin DEFAULT NULL,
  `DUEDATE_` timestamp(3) NULL DEFAULT NULL,
  `REPEAT_` varchar(255) COLLATE utf8_bin DEFAULT NULL,
  `HANDLER_TYPE_` varchar(255) COLLATE utf8_bin DEFAULT NULL,
  `HANDLER_CFG_` varchar(4000) COLLATE utf8_bin DEFAULT NULL,
  `TENANT_ID_` varchar(255) COLLATE utf8_bin DEFAULT '',
  PRIMARY KEY (`ID_`),
  KEY `ACT_FK_TIMER_JOB_EXECUTION` (`EXECUTION_ID_`),
  KEY `ACT_FK_TIMER_JOB_PROCESS_INSTANCE` (`PROCESS_INSTANCE_ID_`),
  KEY `ACT_FK_TIMER_JOB_PROC_DEF` (`PROC_DEF_ID_`),
  KEY `ACT_FK_TIMER_JOB_EXCEPTION` (`EXCEPTION_STACK_ID_`),
  CONSTRAINT `ACT_FK_TIMER_JOB_EXCEPTION` FOREIGN KEY (`EXCEPTION_STACK_ID_`) REFERENCES `act_ge_bytearray` (`ID_`),
  CONSTRAINT `ACT_FK_TIMER_JOB_EXECUTION` FOREIGN KEY (`EXECUTION_ID_`) REFERENCES `act_ru_execution` (`ID_`),
  CONSTRAINT `ACT_FK_TIMER_JOB_PROCESS_INSTANCE` FOREIGN KEY (`PROCESS_INSTANCE_ID_`) REFERENCES `act_ru_execution` (`ID_`),
  CONSTRAINT `ACT_FK_TIMER_JOB_PROC_DEF` FOREIGN KEY (`PROC_DEF_ID_`) REFERENCES `act_re_procdef` (`ID_`)
) ENGINE=InnoDB DEFAULT CHARSET=utf8 COLLATE=utf8_bin;
/*!40101 SET character_set_client = @saved_cs_client */;

--
-- Dumping data for table `act_ru_timer_job`
--

LOCK TABLES `act_ru_timer_job` WRITE;
/*!40000 ALTER TABLE `act_ru_timer_job` DISABLE KEYS */;
/*!40000 ALTER TABLE `act_ru_timer_job` ENABLE KEYS */;
UNLOCK TABLES;

--
-- Table structure for table `act_ru_variable`
--

DROP TABLE IF EXISTS `act_ru_variable`;
/*!40101 SET @saved_cs_client     = @@character_set_client */;
/*!40101 SET character_set_client = utf8 */;
CREATE TABLE `act_ru_variable` (
  `ID_` varchar(64) COLLATE utf8_bin NOT NULL,
  `REV_` int(11) DEFAULT NULL,
  `TYPE_` varchar(255) COLLATE utf8_bin NOT NULL,
  `NAME_` varchar(255) COLLATE utf8_bin NOT NULL,
  `EXECUTION_ID_` varchar(64) COLLATE utf8_bin DEFAULT NULL,
  `PROC_INST_ID_` varchar(64) COLLATE utf8_bin DEFAULT NULL,
  `TASK_ID_` varchar(64) COLLATE utf8_bin DEFAULT NULL,
  `BYTEARRAY_ID_` varchar(64) COLLATE utf8_bin DEFAULT NULL,
  `DOUBLE_` double DEFAULT NULL,
  `LONG_` bigint(20) DEFAULT NULL,
  `TEXT_` varchar(4000) COLLATE utf8_bin DEFAULT NULL,
  `TEXT2_` varchar(4000) COLLATE utf8_bin DEFAULT NULL,
  PRIMARY KEY (`ID_`),
  KEY `ACT_IDX_VARIABLE_TASK_ID` (`TASK_ID_`),
  KEY `ACT_FK_VAR_EXE` (`EXECUTION_ID_`),
  KEY `ACT_FK_VAR_PROCINST` (`PROC_INST_ID_`),
  KEY `ACT_FK_VAR_BYTEARRAY` (`BYTEARRAY_ID_`),
  CONSTRAINT `ACT_FK_VAR_BYTEARRAY` FOREIGN KEY (`BYTEARRAY_ID_`) REFERENCES `act_ge_bytearray` (`ID_`),
  CONSTRAINT `ACT_FK_VAR_EXE` FOREIGN KEY (`EXECUTION_ID_`) REFERENCES `act_ru_execution` (`ID_`),
  CONSTRAINT `ACT_FK_VAR_PROCINST` FOREIGN KEY (`PROC_INST_ID_`) REFERENCES `act_ru_execution` (`ID_`)
) ENGINE=InnoDB DEFAULT CHARSET=utf8 COLLATE=utf8_bin;
/*!40101 SET character_set_client = @saved_cs_client */;

--
-- Dumping data for table `act_ru_variable`
--

LOCK TABLES `act_ru_variable` WRITE;
/*!40000 ALTER TABLE `act_ru_variable` DISABLE KEYS */;
/*!40000 ALTER TABLE `act_ru_variable` ENABLE KEYS */;
UNLOCK TABLES;

--
-- Table structure for table `hibernate_sequence`
--

DROP TABLE IF EXISTS `hibernate_sequence`;
/*!40101 SET @saved_cs_client     = @@character_set_client */;
/*!40101 SET character_set_client = utf8 */;
CREATE TABLE `hibernate_sequence` (
  `next_val` bigint(20) DEFAULT NULL
) ENGINE=MyISAM DEFAULT CHARSET=utf8 COLLATE=utf8_bin;
/*!40101 SET character_set_client = @saved_cs_client */;

--
-- Dumping data for table `hibernate_sequence`
--

LOCK TABLES `hibernate_sequence` WRITE;
/*!40000 ALTER TABLE `hibernate_sequence` DISABLE KEYS */;
INSERT INTO `hibernate_sequence` VALUES (1),(1),(1);
/*!40000 ALTER TABLE `hibernate_sequence` ENABLE KEYS */;
UNLOCK TABLES;

--
-- Table structure for table `tbl_sys_contract`
--

DROP TABLE IF EXISTS `tbl_sys_contract`;
/*!40101 SET @saved_cs_client     = @@character_set_client */;
/*!40101 SET character_set_client = utf8 */;
CREATE TABLE `tbl_sys_contract` (
  `id` bigint(20) NOT NULL AUTO_INCREMENT,
  `pid` varchar(255) DEFAULT NULL,
  `process_instance_id` varchar(255) DEFAULT NULL,
  `process_state` int(11) DEFAULT NULL,
  `assignee` varchar(255) DEFAULT NULL,
  `assigneeaddr` varchar(255) DEFAULT NULL,
  `assgineeauthrepre` varchar(255) DEFAULT NULL,
  `assigneebank` varchar(255) DEFAULT NULL,
  `assigneebankname` varchar(255) DEFAULT NULL,
  `assigneecompanyname` varchar(255) DEFAULT NULL,
  `assigneecontact` varchar(255) DEFAULT NULL,
  `assigneefax` varchar(255) DEFAULT NULL,
  `assigneepostcode` varchar(255) DEFAULT NULL,
  `assigneesigndate` varchar(255) DEFAULT NULL,
  `assigneetel` varchar(255) DEFAULT NULL,
  `assigneeusername` varchar(255) DEFAULT NULL,
  `client` varchar(255) DEFAULT NULL,
  `clientaddr` varchar(255) DEFAULT NULL,
  `clientauthpepre` varchar(255) DEFAULT NULL,
  `clientbank` varchar(255) DEFAULT NULL,
  `clientcompanyname` varchar(255) DEFAULT NULL,
  `clientcontact` varchar(255) DEFAULT NULL,
  `clientfax` varchar(255) DEFAULT NULL,
  `clientpostcode` varchar(255) DEFAULT NULL,
  `clientsigndate` varchar(255) DEFAULT NULL,
  `clienttel` varchar(255) DEFAULT NULL,
  `clientusername` varchar(255) DEFAULT NULL,
  `contractbody` varchar(255) DEFAULT NULL,
  `finishtime` varchar(255) DEFAULT NULL,
  `price` varchar(255) DEFAULT NULL,
  `quality` varchar(255) DEFAULT NULL,
  `signdate` varchar(255) DEFAULT NULL,
  `signplace` varchar(255) DEFAULT NULL,
  `user_id` bigint(20) DEFAULT NULL,
  `comment` varchar(255) DEFAULT NULL,
  PRIMARY KEY (`id`)
) ENGINE=MyISAM AUTO_INCREMENT=8 DEFAULT CHARSET=latin1;
/*!40101 SET character_set_client = @saved_cs_client */;

--
-- Dumping data for table `tbl_sys_contract`
--

LOCK TABLES `tbl_sys_contract` WRITE;
/*!40000 ALTER TABLE `tbl_sys_contract` DISABLE KEYS */;
INSERT INTO `tbl_sys_contract` VALUES (1,'p20190606171309','13',0,'A','A','A','A','A','A','A','A','A','A','A','A','A','A','A','A','A','A','A','A','A','A','A','A','A','85733','A','A','A',5,'A'),(2,'p20190606171310','34',0,'B','B','B','B','B','B','B','B','B','B','B','B','B','B','B','B','B','B','B','B','B','B','B','B','B','2357','B','B','B',5,'B'),(3,'p20190606171311','21',0,'C','C','C','C','C','C','C','C','C','C','C','C','C','C','C','C','C','C','C','C','C','C','C','C','C','5225','C','C','C',5,'C'),(4,'p20190606171312','31',0,'D','D','D','D','D','D','D','D','D','D','D','D','D','D','D','D','D','D','D','D','D','D','D','D','D','36432','D','D','D',6,'D'),(5,'p20190606171313','2',0,'E','E','E','E','E','E','E','E','E','E','E','E','E','E','E','E','E','E','E','E','E','E','E','E','E','12343','E','E','E',7,'E'),(6,'p20190606171314','4',0,'F','F','F','F','F','F','F','F','F','F','F','F','F','F','F','F','F','F','F','F','F','F','F','F','F','1123','F','F','F',6,'F'),(7,'p20190701205847','7',0,'G','G','G','G','G','G','G','G','G','G','G','G','G','G','G','G','G','G','G','G','G','G','G','G','G','1141','G','G','G',5,'G');
/*!40000 ALTER TABLE `tbl_sys_contract` ENABLE KEYS */;
UNLOCK TABLES;

--
-- Table structure for table `tbl_sys_entrust`
--

DROP TABLE IF EXISTS `tbl_sys_entrust`;
/*!40101 SET @saved_cs_client     = @@character_set_client */;
/*!40101 SET character_set_client = utf8 */;
CREATE TABLE `tbl_sys_entrust` (
  `id` bigint(20) NOT NULL AUTO_INCREMENT,
  `process_instance_id` varchar(255) COLLATE utf8_bin DEFAULT '',
  `process_state` int(11) DEFAULT NULL,
  `accept_opinions` varchar(255) COLLATE utf8_bin DEFAULT NULL,
  `anti_virus` varchar(255) COLLATE utf8_bin DEFAULT NULL,
  `check_sample` varchar(255) COLLATE utf8_bin DEFAULT NULL,
  `client_ex_storage` varchar(255) COLLATE utf8_bin DEFAULT NULL,
  `client_in_storage` varchar(255) COLLATE utf8_bin DEFAULT NULL,
  `client_other` varchar(255) COLLATE utf8_bin DEFAULT NULL,
  `client_system` varchar(255) COLLATE utf8_bin DEFAULT NULL,
  `code_line` varchar(255) COLLATE utf8_bin DEFAULT NULL,
  `company_ch` varchar(255) COLLATE utf8_bin DEFAULT NULL,
  `company_en` varchar(255) COLLATE utf8_bin DEFAULT NULL,
  `developer` varchar(255) COLLATE utf8_bin DEFAULT NULL,
  `encryption_lev` varchar(255) COLLATE utf8_bin DEFAULT NULL,
  `entrust_entity` varchar(255) COLLATE utf8_bin DEFAULT NULL,
  `expected_deadline` varchar(255) COLLATE utf8_bin DEFAULT NULL,
  `fp_num` varchar(255) COLLATE utf8_bin DEFAULT NULL,
  `func_description` varchar(255) COLLATE utf8_bin DEFAULT NULL,
  `func_num` varchar(255) COLLATE utf8_bin DEFAULT NULL,
  `info_addr` varchar(255) COLLATE utf8_bin DEFAULT NULL,
  `info_email` varchar(255) COLLATE utf8_bin DEFAULT NULL,
  `infofax` varchar(255) COLLATE utf8_bin DEFAULT NULL,
  `info_name` varchar(255) COLLATE utf8_bin DEFAULT NULL,
  `info_phone` varchar(255) COLLATE utf8_bin DEFAULT NULL,
  `info_postcode` varchar(255) COLLATE utf8_bin DEFAULT NULL,
  `infotel` varchar(255) COLLATE utf8_bin DEFAULT NULL,
  `infourl` varchar(255) COLLATE utf8_bin DEFAULT NULL,
  `opinions` varchar(255) COLLATE utf8_bin DEFAULT NULL,
  `pid` varchar(255) COLLATE utf8_bin DEFAULT NULL,
  `sample_choice` varchar(255) COLLATE utf8_bin DEFAULT NULL,
  `sample_file` varchar(255) COLLATE utf8_bin DEFAULT NULL,
  `sample_type` varchar(255) COLLATE utf8_bin DEFAULT NULL,
  `server_data_base` varchar(255) COLLATE utf8_bin DEFAULT NULL,
  `server_ex_storage` varchar(255) COLLATE utf8_bin DEFAULT NULL,
  `server_hard_frame` varchar(255) COLLATE utf8_bin DEFAULT NULL,
  `server_hard_other` varchar(255) COLLATE utf8_bin DEFAULT NULL,
  `server_in_storage` varchar(255) COLLATE utf8_bin DEFAULT NULL,
  `server_language` varchar(255) COLLATE utf8_bin DEFAULT NULL,
  `server_soft_frame` varchar(255) COLLATE utf8_bin DEFAULT NULL,
  `server_soft_midw` varchar(255) COLLATE utf8_bin DEFAULT NULL,
  `server_soft_version` varchar(255) COLLATE utf8_bin DEFAULT NULL,
  `server_support` varchar(255) COLLATE utf8_bin DEFAULT NULL,
  `server_system` varchar(255) COLLATE utf8_bin DEFAULT NULL,
  `software_name` varchar(255) COLLATE utf8_bin DEFAULT NULL,
  `software_type` varchar(255) COLLATE utf8_bin DEFAULT NULL,
  `test_basis` varchar(255) COLLATE utf8_bin DEFAULT NULL,
  `test_specification` varchar(255) COLLATE utf8_bin DEFAULT NULL,
  `test_type` varchar(255) COLLATE utf8_bin DEFAULT NULL,
  `unit_property` varchar(255) COLLATE utf8_bin DEFAULT NULL,
  `user_description` varchar(255) COLLATE utf8_bin DEFAULT NULL,
  `version` varchar(255) COLLATE utf8_bin DEFAULT NULL,
  `web_environment` varchar(255) COLLATE utf8_bin DEFAULT NULL,
  `user_id` bigint(20) DEFAULT NULL,
  `comment` varchar(255) COLLATE utf8_bin DEFAULT NULL,
  PRIMARY KEY (`id`)
) ENGINE=MyISAM AUTO_INCREMENT=31 DEFAULT CHARSET=utf8 COLLATE=utf8_bin;
/*!40101 SET character_set_client = @saved_cs_client */;

--
-- Dumping data for table `tbl_sys_entrust`
--

LOCK TABLES `tbl_sys_entrust` WRITE;
/*!40000 ALTER TABLE `tbl_sys_entrust` DISABLE KEYS */;
INSERT INTO `tbl_sys_entrust` VALUES (1,'',1,'测试所需材料不全，未达到受理条件。','已完成','源代码','90','2','无','Linux','100000','中文的ABC','ABC','NJUse','机密','无','2019.07.25','18','有些软件看起来是一个作业，其实它不仅不能被作为一个作业，好很粗糙，还跑不起来','17','南京大学仙林校区','keysoftlab@nju.edu.cn','emmmm','miao','1234562146','014030','14956563232','www.miaomiaomiao.io','用户手册','p20190606171309','由本实验室销毁','.TXT,B/TXT','U盘','mySQL','5000','PC服务器','无','100','Java','C/S','无','19.0','无','Linux','little mushroom','操作系统','GB/T 16260.1-2006','功能性,可靠性,易用性,效率,可维护性,可移植性,代码覆盖度,缺陷检测率,代码风格符合度,代码不符合项检测率,产品说明要求,用户文档集要求','软件确认测试','科研院校','认真搬砖的一群小朋友','1.0.2','无',5,NULL),(2,'',0,'测试所需材料不全，未达到受理条件。','已完成','源代码','90','2','无','Linux','100000','中文的ABC','ABC','NJUse','机密','无','2019.07.25','18','有些软件看起来是一个作业，其实它不仅不能被作为一个作业，好很粗糙，还跑不起来','17','南京大学仙林校区','keysoftlab@nju.edu.cn','emmmm','miao','1234562146','014030','14956563232','www.miaomiaomiao.io','用户手册','p20190606171310','由本实验室销毁','.TXT,B/TXT','U盘','mySQL','5000','PC服务器','无','100','Java','C/S','无','19.0','无','Linux','little mushroom','操作系统','GB/T 16260.1-2006','功能性,可靠性,易用性,效率,可维护性,可移植性,代码覆盖度,缺陷检测率,代码风格符合度,代码不符合项检测率,产品说明要求,用户文档集要求','软件确认测试','科研院校','认真搬砖的一群小朋友','1.0.2','无',5,NULL),(3,'',0,'测试所需材料不全，未达到受理条件。','已完成','源代码','90','2','无','Linux','100000','中文的ABC','ABC','NJUse','机密','无','2019.07.25','18','有些软件看起来是一个作业，其实它不仅不能被作为一个作业，好很粗糙，还跑不起来','17','南京大学仙林校区','keysoftlab@nju.edu.cn','emmmm','miao','1234562146','014030','14956563232','www.miaomiaomiao.io','用户手册','p20190606171311','由本实验室销毁','.TXT,B/TXT','U盘','mySQL','5000','PC服务器','无','100','Java','C/S','无','19.0','无','Linux','little mushroom','操作系统','GB/T 16260.1-2006','功能性,可靠性,易用性,效率,可维护性,可移植性,代码覆盖度,缺陷检测率,代码风格符合度,代码不符合项检测率,产品说明要求,用户文档集要求','软件确认测试','科研院校','认真搬砖的一群小朋友','1.0.2','无',5,NULL),(4,'',1,'测试所需材料不全，未达到受理条件。','已完成','源代码','90','2','无','Linux','100000','中文的ABC','ABC','NJUse','机密','无','2019.07.25','18','有些软件看起来是一个作业，其实它不仅不能被作为一个作业，好很粗糙，还跑不起来','17','南京大学仙林校区','keysoftlab@nju.edu.cn','emmmm','miao','1234562146','014030','14956563232','www.miaomiaomiao.io','用户手册','p20190606171312','由本实验室销毁','.TXT,B/TXT','U盘','mySQL','5000','PC服务器','无','100','Java','C/S','无','19.0','无','Linux','little mushroom','操作系统','GB/T 16260.1-2006','功能性,可靠性,易用性,效率,可维护性,可移植性,代码覆盖度,缺陷检测率,代码风格符合度,代码不符合项检测率,产品说明要求,用户文档集要求','软件确认测试','科研院校','认真搬砖的一群小朋友','1.0.2','无',6,NULL),(5,'',1,'测试所需材料不全，未达到受理条件。','已完成','源代码','90','2','无','Linux','100000','中文的ABC','ABC','NJUse','机密','无','2019.07.25','18','有些软件看起来是一个作业，其实它不仅不能被作为一个作业，好很粗糙，还跑不起来','17','南京大学仙林校区','keysoftlab@nju.edu.cn','emmmm','miao','1234562146','014030','14956563232','www.miaomiaomiao.io','用户手册','p20190606171313','由本实验室销毁','.TXT,B/TXT','U盘','mySQL','5000','PC服务器','无','100','Java','C/S','无','19.0','无','Linux','little mushroom','操作系统','GB/T 16260.1-2006','功能性,可靠性,易用性,效率,可维护性,可移植性,代码覆盖度,缺陷检测率,代码风格符合度,代码不符合项检测率,产品说明要求,用户文档集要求','软件确认测试','科研院校','认真搬砖的一群小朋友','1.0.2','无',7,NULL),(6,'',0,'测试所需材料不全，未达到受理条件。','已完成','源代码','90','2','无','Linux','100000','中文的ABC','ABC','NJUse','机密','无','2019.07.25','18','有些软件看起来是一个作业，其实它不仅不能被作为一个作业，好很粗糙，还跑不起来','17','南京大学仙林校区','keysoftlab@nju.edu.cn','emmmm','miao','1234562146','014030','14956563232','www.miaomiaomiao.io','用户手册','p20190606171314','由本实验室销毁','.TXT,B/TXT','U盘','mySQL','5000','PC服务器','无','100','Java','C/S','无','19.0','无','Linux','little mushroom','操作系统','GB/T 16260.1-2006','功能性,可靠性,易用性,效率,可维护性,可移植性,代码覆盖度,缺陷检测率,代码风格符合度,代码不符合项检测率,产品说明要求,用户文档集要求','软件确认测试','科研院校','认真搬砖的一群小朋友','1.0.2','无',6,NULL);
/*!40000 ALTER TABLE `tbl_sys_entrust` ENABLE KEYS */;
UNLOCK TABLES;

--
-- Table structure for table `tbl_sys_functions`
--

DROP TABLE IF EXISTS `tbl_sys_functions`;
/*!40101 SET @saved_cs_client     = @@character_set_client */;
/*!40101 SET character_set_client = utf8 */;
CREATE TABLE `tbl_sys_functions` (
  `id` bigint(20) NOT NULL AUTO_INCREMENT,
  `function_type` varchar(255) COLLATE utf8_bin DEFAULT NULL,
  `function_object` varchar(255) COLLATE utf8_bin DEFAULT NULL,
  PRIMARY KEY (`id`)
) ENGINE=MyISAM DEFAULT CHARSET=utf8 COLLATE=utf8_bin;
/*!40101 SET character_set_client = @saved_cs_client */;

--
-- Dumping data for table `tbl_sys_functions`
--

LOCK TABLES `tbl_sys_functions` WRITE;
/*!40000 ALTER TABLE `tbl_sys_functions` DISABLE KEYS */;
/*!40000 ALTER TABLE `tbl_sys_functions` ENABLE KEYS */;
UNLOCK TABLES;

--
-- Table structure for table `tbl_sys_project`
--

DROP TABLE IF EXISTS `tbl_sys_project`;
/*!40101 SET @saved_cs_client     = @@character_set_client */;
/*!40101 SET character_set_client = utf8 */;
CREATE TABLE `tbl_sys_project` (
  `id` bigint(20) NOT NULL AUTO_INCREMENT,
  `user_id` bigint(20) DEFAULT NULL,
  PRIMARY KEY (`id`)
) ENGINE=MyISAM DEFAULT CHARSET=utf8 COLLATE=utf8_bin;
/*!40101 SET character_set_client = @saved_cs_client */;

--
-- Dumping data for table `tbl_sys_project`
--

LOCK TABLES `tbl_sys_project` WRITE;
/*!40000 ALTER TABLE `tbl_sys_project` DISABLE KEYS */;
/*!40000 ALTER TABLE `tbl_sys_project` ENABLE KEYS */;
UNLOCK TABLES;

--
-- Table structure for table `tbl_sys_role_functions`
--

DROP TABLE IF EXISTS `tbl_sys_role_functions`;
/*!40101 SET @saved_cs_client     = @@character_set_client */;
/*!40101 SET character_set_client = utf8 */;
CREATE TABLE `tbl_sys_role_functions` (
  `role_id` bigint(20) NOT NULL,
  `function_id` bigint(20) NOT NULL
) ENGINE=MyISAM DEFAULT CHARSET=utf8 COLLATE=utf8_bin;
/*!40101 SET character_set_client = @saved_cs_client */;

--
-- Dumping data for table `tbl_sys_role_functions`
--

LOCK TABLES `tbl_sys_role_functions` WRITE;
/*!40000 ALTER TABLE `tbl_sys_role_functions` DISABLE KEYS */;
/*!40000 ALTER TABLE `tbl_sys_role_functions` ENABLE KEYS */;
UNLOCK TABLES;

--
-- Table structure for table `tbl_sys_role_users`
--

DROP TABLE IF EXISTS `tbl_sys_role_users`;
/*!40101 SET @saved_cs_client     = @@character_set_client */;
/*!40101 SET character_set_client = utf8 */;
CREATE TABLE `tbl_sys_role_users` (
  `user_id` bigint(20) NOT NULL,
  `role_id` bigint(20) NOT NULL
) ENGINE=MyISAM DEFAULT CHARSET=utf8 COLLATE=utf8_bin;
/*!40101 SET character_set_client = @saved_cs_client */;

--
-- Dumping data for table `tbl_sys_role_users`
--

LOCK TABLES `tbl_sys_role_users` WRITE;
/*!40000 ALTER TABLE `tbl_sys_role_users` DISABLE KEYS */;
/*!40000 ALTER TABLE `tbl_sys_role_users` ENABLE KEYS */;
UNLOCK TABLES;

--
-- Table structure for table `tbl_sys_roles`
--

DROP TABLE IF EXISTS `tbl_sys_roles`;
/*!40101 SET @saved_cs_client     = @@character_set_client */;
/*!40101 SET character_set_client = utf8 */;
CREATE TABLE `tbl_sys_roles` (
  `id` bigint(20) NOT NULL AUTO_INCREMENT,
  `role_name` varchar(255) COLLATE utf8_bin DEFAULT NULL,
  PRIMARY KEY (`id`)
) ENGINE=MyISAM DEFAULT CHARSET=utf8 COLLATE=utf8_bin;
/*!40101 SET character_set_client = @saved_cs_client */;

--
-- Dumping data for table `tbl_sys_roles`
--

LOCK TABLES `tbl_sys_roles` WRITE;
/*!40000 ALTER TABLE `tbl_sys_roles` DISABLE KEYS */;
/*!40000 ALTER TABLE `tbl_sys_roles` ENABLE KEYS */;
UNLOCK TABLES;

--
-- Table structure for table `tbl_sys_testcase`
--

DROP TABLE IF EXISTS `tbl_sys_testcase`;
/*!40101 SET @saved_cs_client     = @@character_set_client */;
/*!40101 SET character_set_client = utf8 */;
CREATE TABLE `tbl_sys_testcase` (
  `id` bigint(20) NOT NULL AUTO_INCREMENT,
  `pid` varchar(255) DEFAULT NULL,
  `process_instance_id` varchar(255) DEFAULT NULL,
  `process_state` int(11) DEFAULT NULL,
  `design_notes` varchar(255) DEFAULT NULL,
  `designer` varchar(255) DEFAULT NULL,
  `expected_result` varchar(255) DEFAULT NULL,
  `regu_notes` varchar(255) DEFAULT NULL,
  `test_class` varchar(255) DEFAULT NULL,
  `test_id` varchar(255) DEFAULT NULL,
  `test_time` varchar(255) DEFAULT NULL,
  PRIMARY KEY (`id`)
) ENGINE=MyISAM AUTO_INCREMENT=2019062921 DEFAULT CHARSET=latin1;
/*!40101 SET character_set_client = @saved_cs_client */;

--
-- Dumping data for table `tbl_sys_testcase`
--

LOCK TABLES `tbl_sys_testcase` WRITE;
/*!40000 ALTER TABLE `tbl_sys_testcase` DISABLE KEYS */;
INSERT INTO `tbl_sys_testcase` VALUES (2019062909,'p20190606171311','3',0,'note3','d3','3','note3','c3','p20190606171311-20190629205845',NULL),(2019062908,'p20190606171310','2',0,'note2','d2','2','note2','c2','p20190606171310-20190629205816',NULL),(2019062907,'p20190606171309','1',0,'note1','d1','1','note1','c1','p20190606171309-20190629205733',NULL),(2019062910,'p20190606171312','4',0,'note4','d4','4','note4','c4','p20190606171312-20190629205922',NULL),(2019062911,'p20190606171313','5',0,'note5','d5','5','note5','c5','p20190606171313-20190629210039',NULL),(2019062912,'p20190606171314','6',0,'note6','d6','6','note6','c6','p20190606171314-20190629210242',NULL),(2019062917,'p20190606171312','7',0,'note7','d7','7','note7','c7','p20190606171312-20190629223943',NULL),(2019062918,'p20190606171309','8',0,'note8','d8','8','note8','c8','p20190606171309-20190629224200',NULL),(2019062919,'p20190606171312','9',0,'note9','d9','9','note9','c9','p20190606171312-20190629224229',NULL);
/*!40000 ALTER TABLE `tbl_sys_testcase` ENABLE KEYS */;
UNLOCK TABLES;

--
-- Table structure for table `tbl_sys_testplan`
--

DROP TABLE IF EXISTS `tbl_sys_testplan`;
/*!40101 SET @saved_cs_client     = @@character_set_client */;
/*!40101 SET character_set_client = utf8 */;
CREATE TABLE `tbl_sys_testplan` (
  `id` bigint(20) NOT NULL AUTO_INCREMENT,
  `pid` varchar(255) DEFAULT NULL,
  `process_instance_id` varchar(255) DEFAULT NULL,
  `process_state` int(11) DEFAULT NULL,
  `approver` varchar(255) DEFAULT NULL,
  `auditor` varchar(255) DEFAULT NULL,
  `author` varchar(255) DEFAULT NULL,
  `body` varchar(255) DEFAULT NULL,
  `hardware` varchar(255) DEFAULT NULL,
  `progress_table` varchar(255) DEFAULT NULL,
  `software` varchar(255) DEFAULT NULL,
  `staff` varchar(255) DEFAULT NULL,
  PRIMARY KEY (`id`)
) ENGINE=MyISAM AUTO_INCREMENT=2019062908 DEFAULT CHARSET=latin1;
/*!40101 SET character_set_client = @saved_cs_client */;

--
-- Dumping data for table `tbl_sys_testplan`
--

LOCK TABLES `tbl_sys_testplan` WRITE;
/*!40000 ALTER TABLE `tbl_sys_testplan` DISABLE KEYS */;
INSERT INTO `tbl_sys_testplan` VALUES (2019062901,'p20190606171309','2019062901',0,'AA','Aser1','Aser2','Abody','ssd',NULL,'nju','Aser3'),(2019062902,'p20190606171310','2019062902',0,'BB','Bser1','Bser2','Bbody','ssd',NULL,'stc','Bser3'),(2019062903,'p20190606171311','2019062903',0,'CC','Cser1','Cser2','Cbody','ssd',NULL,'dev','Cser3'),(2019062904,'p20190606171312','2019062904',0,'DD','Dser1','Dser2','Dbody','ssd',NULL,'online','Dser3'),(2019062905,'p20190606171313','2019062905',0,'EE','Eser1','Eser2','Ebody','ssd',NULL,'2019062905','Eser3'),(2019062906,'p20190606171314','2019062906',0,'FF','Fser1','Fser2','Fbody','ssd',NULL,'2019062906','Fser3');
/*!40000 ALTER TABLE `tbl_sys_testplan` ENABLE KEYS */;
UNLOCK TABLES;

--
-- Table structure for table `tbl_sys_testrecord`
--

DROP TABLE IF EXISTS `tbl_sys_testrecord`;
/*!40101 SET @saved_cs_client     = @@character_set_client */;
/*!40101 SET character_set_client = utf8 */;
CREATE TABLE `tbl_sys_testrecord` (
  `id` bigint(20) NOT NULL AUTO_INCREMENT,
  `pid` varchar(255) DEFAULT NULL,
  `process_instance_id` varchar(255) DEFAULT NULL,
  `process_state` int(11) DEFAULT NULL,
  `approver` varchar(255) DEFAULT NULL,
  `bug_id` varchar(255) DEFAULT NULL,
  `design_notes` varchar(255) DEFAULT NULL,
  `designer` varchar(255) DEFAULT NULL,
  `exe_process` varchar(255) DEFAULT NULL,
  `executor` varchar(255) DEFAULT NULL,
  `expected_result` varchar(255) DEFAULT NULL,
  `is_consistent` bit(1) NOT NULL,
  `pre_condition` varchar(255) DEFAULT NULL,
  `real_result` varchar(255) DEFAULT NULL,
  `regu_notes` varchar(255) DEFAULT NULL,
  `test_class` varchar(255) DEFAULT NULL,
  `test_id` varchar(255) DEFAULT NULL,
  `test_time` varchar(255) DEFAULT NULL,
  PRIMARY KEY (`id`)
) ENGINE=MyISAM AUTO_INCREMENT=5 DEFAULT CHARSET=latin1;
/*!40101 SET character_set_client = @saved_cs_client */;

--
-- Dumping data for table `tbl_sys_testrecord`
--

LOCK TABLES `tbl_sys_testrecord` WRITE;
/*!40000 ALTER TABLE `tbl_sys_testrecord` DISABLE KEYS */;
INSERT INTO `tbl_sys_testrecord` VALUES (1,'p20190606171312','11',0,'a4','000','note4','d4',NULL,NULL,'4','\0',NULL,NULL,'note4','c4','p20190606171312-20190629205922',NULL),(2,'p20190606171312','12',0,'a7','000','note7','d7',NULL,NULL,'7','\0',NULL,NULL,'note7','c7','p20190606171312-20190629223943',NULL),(3,'p20190606171309','9',0,'a1','001','note1','d1',NULL,NULL,'1','\0',NULL,NULL,'note1','c1','p20190606171312-20190629205733',NULL);
/*!40000 ALTER TABLE `tbl_sys_testrecord` ENABLE KEYS */;
UNLOCK TABLES;

--
-- Table structure for table `tbl_sys_testreport`
--

DROP TABLE IF EXISTS `tbl_sys_testreport`;
/*!40101 SET @saved_cs_client     = @@character_set_client */;
/*!40101 SET character_set_client = utf8 */;
CREATE TABLE `tbl_sys_testreport` (
  `id` bigint(20) NOT NULL AUTO_INCREMENT,
  `pid` varchar(255) DEFAULT NULL,
  `process_instance_id` varchar(255) DEFAULT NULL,
  `process_state` int(11) DEFAULT NULL,
  `approver` varchar(255) DEFAULT NULL,
  `approver_date` varchar(255) DEFAULT NULL,
  `auditor` varchar(255) DEFAULT NULL,
  `auditor_date` varchar(255) DEFAULT NULL,
  `client_addr` varchar(255) DEFAULT NULL,
  `client_company` varchar(255) DEFAULT NULL,
  `client_contact` varchar(255) DEFAULT NULL,
  `client_email` varchar(255) DEFAULT NULL,
  `client_fax` varchar(255) DEFAULT NULL,
  `client_post_code` varchar(255) DEFAULT NULL,
  `client_tel` varchar(255) DEFAULT NULL,
  `code_id` varchar(255) DEFAULT NULL,
  `hardware_environment` varchar(255) DEFAULT NULL,
  `reference` varchar(255) DEFAULT NULL,
  `report_date` varchar(255) DEFAULT NULL,
  `sample_date` varchar(255) DEFAULT NULL,
  `sample_menu` varchar(255) DEFAULT NULL,
  `sample_name` varchar(255) DEFAULT NULL,
  `sample_state` varchar(255) DEFAULT NULL,
  `software_environment` varchar(255) DEFAULT NULL,
  `software_name` varchar(255) DEFAULT NULL,
  `test_basis` varchar(255) DEFAULT NULL,
  `test_conclusion` varchar(255) DEFAULT NULL,
  `test_content` varchar(255) DEFAULT NULL,
  `test_date` varchar(255) DEFAULT NULL,
  `test_exe_record` varchar(255) DEFAULT NULL,
  `test_type` varchar(255) DEFAULT NULL,
  `tester` varchar(255) DEFAULT NULL,
  `tester_date` varchar(255) DEFAULT NULL,
  `version` varchar(255) DEFAULT NULL,
  PRIMARY KEY (`id`)
) ENGINE=MyISAM AUTO_INCREMENT=2019062908 DEFAULT CHARSET=latin1;
/*!40101 SET character_set_client = @saved_cs_client */;

--
-- Dumping data for table `tbl_sys_testreport`
--

LOCK TABLES `tbl_sys_testreport` WRITE;
/*!40000 ALTER TABLE `tbl_sys_testreport` DISABLE KEYS */;
INSERT INTO `tbl_sys_testreport` VALUES (2019062901,'p20190606171309','2019062901',0,'A1','20190620','A2','20190620',NULL,NULL,NULL,NULL,NULL,NULL,NULL,NULL,NULL,NULL,NULL,NULL,NULL,NULL,NULL,NULL,NULL,NULL,NULL,NULL,NULL,NULL,NULL,'A3','20190620','1.0'),(2019062902,'p20190606171310','2019062902',0,'B1','20190621','B2','20190621',NULL,NULL,NULL,NULL,NULL,NULL,NULL,NULL,NULL,NULL,NULL,NULL,NULL,NULL,NULL,NULL,NULL,NULL,NULL,NULL,NULL,NULL,NULL,'B3','20190621','1.1'),(2019062903,'p20190606171311','2019062903',0,'C1','20190622','C2','20190622',NULL,NULL,NULL,NULL,NULL,NULL,NULL,NULL,NULL,NULL,NULL,NULL,NULL,NULL,NULL,NULL,NULL,NULL,NULL,NULL,NULL,NULL,NULL,'C3','20190622','1.2'),(2019062904,'p20190606171312','2019062904',0,'D1','20190623','D2','20190623',NULL,NULL,NULL,NULL,NULL,NULL,NULL,NULL,NULL,NULL,NULL,NULL,NULL,NULL,NULL,NULL,NULL,NULL,NULL,NULL,NULL,NULL,NULL,'D3','20190623','1.3'),(2019062905,'p20190606171313','2019062905',0,'E1','20190624','E2','20190624',NULL,NULL,NULL,NULL,NULL,NULL,NULL,NULL,NULL,NULL,NULL,NULL,NULL,NULL,NULL,NULL,NULL,NULL,NULL,NULL,NULL,NULL,NULL,'E3','20190624','1.4'),(2019062906,'p20190606171314','2019062906',0,'F1','20190625','F2','20190625',NULL,NULL,NULL,NULL,NULL,NULL,NULL,NULL,NULL,NULL,NULL,NULL,NULL,NULL,NULL,NULL,NULL,NULL,NULL,NULL,NULL,NULL,NULL,'F3','20190625','1.5');
/*!40000 ALTER TABLE `tbl_sys_testreport` ENABLE KEYS */;
UNLOCK TABLES;

--
-- Table structure for table `tbl_sys_user`
--

DROP TABLE IF EXISTS `tbl_sys_user`;
/*!40101 SET @saved_cs_client     = @@character_set_client */;
/*!40101 SET character_set_client = utf8 */;
CREATE TABLE `tbl_sys_user` (
  `id` bigint(20) NOT NULL AUTO_INCREMENT,
  `password` varchar(255) COLLATE utf8_bin DEFAULT NULL,
  `roles` varchar(255) COLLATE utf8_bin DEFAULT NULL,
  `userid` varchar(255) COLLATE utf8_bin DEFAULT NULL,
  `username` varchar(255) COLLATE utf8_bin DEFAULT NULL,
  PRIMARY KEY (`id`)
) ENGINE=MyISAM AUTO_INCREMENT=16 DEFAULT CHARSET=utf8 COLLATE=utf8_bin;
/*!40101 SET character_set_client = @saved_cs_client */;

--
-- Dumping data for table `tbl_sys_user`
--

LOCK TABLES `tbl_sys_user` WRITE;
/*!40000 ALTER TABLE `tbl_sys_user` DISABLE KEYS */;
INSERT INTO `tbl_sys_user` VALUES (9,'$2a$10$yicg4parlvccAlZF5YuUBukgN1lvBsSrZEG3x7cZzySzmbTsGyrN6','SS,STAFF,USER','u20190605134944','SSB'),(8,'$2a$10$IqcgtoVcKYWSbWm8qgHPAukbAY5ckeHlYOOWUSUf7uQ7kflCdoq9W','SS,STAFF,USER','u20190605134833','SSA'),(7,'$2a$10$6l33U7F7cjQAE195sh2sr.9zDQEdFlD62TKAny4pzhfF/8IflYPcK','CUS,USER','u20190605134759','CUSC'),(6,'$2a$10$ZgVEAigy6ThCL8omHD2wP.v6JmWcMyMg6GNDqff3AFFZKbVuaN2ni','CUS,USER','u20190605134754','CUSB'),(5,'$2a$10$8Abi3J5mBkt56T7D9gt.geulQbsdP0Vm3ScwiR.7KbYcoCGu5UzMy','CUS,USER','u20190605134344','CUSA'),(10,'$2a$10$vwjMP/wk3Y784K1b4DYdIuOPxmQa0BoQmXOyuOP4keEhHrHoFWZV.','SM,STAFF,USER','u20190605135114','SMA'),(11,'$2a$10$aYX7pelQ8quDWK9oUmGf9uDMyA/69YW9W3lOVyLqPJYc8m0sRvZDC','TS,STAFF,USER','u20190605135358','TSA'),(12,'$2a$10$ADZhPAEFjKQwRaXpzsX0iudNRGYZNyJyVtvSwYfydhuSK0f7y6.qC','TS,STAFF,USER','u20190605135411','TSB'),(13,'$2a$10$JcDZImu1LBuauLLJsyGpiuN1zXYimgGTlpXGUPmM.ljrjfKgc.tny','TM,STAFF,USER','u20190605135543','TMA'),(14,'$2a$10$8JQTL3a0SiiHIdL5su8cmebzsTsY/MrRpmqpi8w2MP5ICO8MFRiiK','QM,STAFF,USER','u20190605135736','QMA'),(15,'$2a$10$N1UDFDHAAIaZa/GkSPInLO/WPTY9mY.5BiKEZreAmU7sccBkKfMs2','ADMIN','u20190605135828','admin');
/*!40000 ALTER TABLE `tbl_sys_user` ENABLE KEYS */;
UNLOCK TABLES;

--
-- Table structure for table `tbl_sys_user_entrusts`
--

DROP TABLE IF EXISTS `tbl_sys_user_entrusts`;
/*!40101 SET @saved_cs_client     = @@character_set_client */;
/*!40101 SET character_set_client = utf8 */;
CREATE TABLE `tbl_sys_user_entrusts` (
  `user_id` bigint(20) NOT NULL,
  `entrusts_id` bigint(20) NOT NULL,
  UNIQUE KEY `UK_mvqyku3j1lfeu915rcacqhiu` (`entrusts_id`),
  KEY `FKo6o6s38lguhv0gy5pdxyu576n` (`user_id`)
) ENGINE=MyISAM DEFAULT CHARSET=utf8 COLLATE=utf8_bin;
/*!40101 SET character_set_client = @saved_cs_client */;

--
-- Dumping data for table `tbl_sys_user_entrusts`
--

LOCK TABLES `tbl_sys_user_entrusts` WRITE;
/*!40000 ALTER TABLE `tbl_sys_user_entrusts` DISABLE KEYS */;
/*!40000 ALTER TABLE `tbl_sys_user_entrusts` ENABLE KEYS */;
UNLOCK TABLES;

--
-- Table structure for table `tbl_sys_user_projects`
--

DROP TABLE IF EXISTS `tbl_sys_user_projects`;
/*!40101 SET @saved_cs_client     = @@character_set_client */;
/*!40101 SET character_set_client = utf8 */;
CREATE TABLE `tbl_sys_user_projects` (
  `user_id` bigint(20) NOT NULL,
  `projects_id` bigint(20) NOT NULL,
  UNIQUE KEY `UK_fsge06xodxnruvyhkan7n0ipl` (`projects_id`),
  KEY `FKt1bpdahotdvajs9ox0vb9uaqe` (`user_id`)
) ENGINE=MyISAM DEFAULT CHARSET=utf8 COLLATE=utf8_bin;
/*!40101 SET character_set_client = @saved_cs_client */;

--
-- Dumping data for table `tbl_sys_user_projects`
--

LOCK TABLES `tbl_sys_user_projects` WRITE;
/*!40000 ALTER TABLE `tbl_sys_user_projects` DISABLE KEYS */;
/*!40000 ALTER TABLE `tbl_sys_user_projects` ENABLE KEYS */;
UNLOCK TABLES;
/*!40103 SET TIME_ZONE=@OLD_TIME_ZONE */;

/*!40101 SET SQL_MODE=@OLD_SQL_MODE */;
/*!40014 SET FOREIGN_KEY_CHECKS=@OLD_FOREIGN_KEY_CHECKS */;
/*!40014 SET UNIQUE_CHECKS=@OLD_UNIQUE_CHECKS */;
/*!40101 SET CHARACTER_SET_CLIENT=@OLD_CHARACTER_SET_CLIENT */;
/*!40101 SET CHARACTER_SET_RESULTS=@OLD_CHARACTER_SET_RESULTS */;
/*!40101 SET COLLATION_CONNECTION=@OLD_COLLATION_CONNECTION */;
/*!40111 SET SQL_NOTES=@OLD_SQL_NOTES */;

-- Dump completed on 2019-07-01 13:19:00
